,Unnamed: 0,total claim amount
0,0,480.0
1,1,484.013411
2,2,442.521087
3,3,331.2
4,4,300.528579
5,5,272.381465
6,6,350.4
7,7,19.575683
8,8,499.2
9,9,907.2
10,10,355.2
11,11,123.15416
12,12,228.185834
13,13,234.774747
14,14,1193.115879
15,15,871.457982
16,16,479.312226
17,17,190.642833
18,18,604.8
19,19,28.92584
20,20,269.905129
21,21,460.8
22,22,272.788141
23,23,302.4
24,24,2294.631639
25,25,756.0
26,26,396.035334
27,27,302.4
28,28,41.464402
29,29,302.4
30,30,483.25721
31,31,374.4
32,32,369.6
33,33,612.0
34,34,33.718553
35,35,525.6
36,36,734.4
37,37,532.8
38,38,733.737214
39,39,370.018108
40,40,561.6
41,41,114.273025
42,42,408.0
43,43,388.8
44,44,497.719213
45,45,312.0
46,46,1214.4
47,47,534.653787
48,48,236.739322
49,49,566.673518
50,50,590.4
51,51,480.0
52,52,470.576119
53,53,423.823547
54,54,316.8
55,55,650.52179
56,56,936.0
57,57,377.498287
58,58,167.037619
59,59,368.890904
60,60,451.751555
61,61,7.345946
62,62,134.158389
63,63,604.8
64,64,46.804
65,65,537.6
66,66,400.959425
67,67,414.519064
68,68,345.6
69,69,241.88878
70,70,350.4
71,71,114.273025
72,72,835.2
73,73,423.286512
74,74,513.6
75,75,321.060571
76,76,537.6
77,77,69.310166
78,78,716.469391
79,79,302.4
80,80,65.659137
81,81,580.8
82,82,321.6
83,83,309.577946
84,84,614.4
85,85,292.8
86,86,660.430456
87,87,35.915639
88,88,186.025014
89,89,499.2
90,90,38.763897
91,91,326.4
92,92,355.2
93,93,369.918482
94,94,297.6
95,95,340.8
96,96,125.933005
97,97,498.452698
98,98,297.6
99,99,496.8
100,100,556.8
101,101,806.4
102,102,689.800891
103,103,1358.4
104,104,556.8
105,105,103.022126
106,106,142.113373
107,107,239.143671
108,108,1101.6
109,109,124.376921
110,110,316.8
111,111,302.4
112,112,546.046853
113,113,489.6
114,114,65.457366
115,115,302.4
116,116,681.167228
117,117,350.4
118,118,345.6
119,119,98.991733
120,120,763.2
121,121,484.8
122,122,571.2
123,123,439.781453
124,124,343.121192
125,125,432.0
126,126,292.8
127,127,1012.8
128,128,134.104322
129,129,70.712507
130,130,326.4
131,131,38.513959
132,132,7.991571
133,133,251.795869
134,134,312.0
135,135,99.382943
136,136,273.945412
137,137,355.2
138,138,292.8
139,139,156.124914
140,140,275.349481
141,141,263.365432
142,142,246.256648
143,143,496.8
144,144,386.520235
145,145,640.8
146,146,82.483947
147,147,518.4
148,148,614.4
149,149,480.0
150,150,336.0
151,151,502.369442
152,152,316.8
153,153,122.590766
154,154,828.662719
155,155,200.490816
156,156,214.91451
157,157,316.8
158,158,105.068788
159,159,183.207703
160,160,166.937747
161,161,667.2
162,162,518.4
163,163,428.064465
164,164,513.6
165,165,571.2
166,166,604.8
167,167,1027.2
168,168,336.0
169,169,86.461582
170,170,446.122702
171,171,1261.319869
172,172,489.6
173,173,384.0
174,174,271.697529
175,175,417.6
176,176,691.709371
177,177,427.2
178,178,111.586995
179,179,413.288851
180,180,1245.6
181,181,451.2
182,182,199.444294
183,183,739.2
184,184,316.8
185,185,528.20086
186,186,131.401291
187,187,307.2
188,188,508.8
189,189,504.0
190,190,585.6
191,191,532.8
192,192,515.930856
193,193,496.805418
194,194,747.107317
195,195,770.254285
196,196,547.2
197,197,784.8
198,198,855.341729
199,199,62.625841
200,200,1310.4
201,201,482.4
202,202,757.170246
203,203,326.4
204,204,161.388136
205,205,310.842085
206,206,316.8
207,207,279.184512
208,208,681.577742
209,209,358.765757
210,210,352.394515
211,211,61.769564
212,212,784.8
213,213,446.4
214,214,1163.620366
215,215,456.290338
216,216,451.2
217,217,321.6
218,218,496.8
219,219,619.2
220,220,571.2
221,221,117.470445
222,222,302.4
223,223,475.2
224,224,41.927219
225,225,504.0
226,226,2156.011022
227,227,398.4
228,228,278.902846
229,229,33.192803
230,230,500.577875
231,231,1027.000029
232,232,1505.230405
233,233,110.567069
234,234,427.2
235,235,336.0
236,236,614.572672
237,237,595.2
238,238,900.617364
239,239,905.030448
240,240,173.80879
241,241,251.429988
242,242,376.923839
243,243,444.167713
244,244,340.8
245,245,326.660051
246,246,218.342169
247,247,326.4
248,248,49.797016
249,249,395.740207
250,250,312.0
251,251,22.945038
252,252,587.504777
253,253,566.4
254,254,2345.413441
255,255,239.964694
256,256,296.962938
257,257,150.878447
258,258,47.22861
259,259,201.455005
260,260,571.531582
261,261,283.743206
262,262,242.842607
263,263,350.4
264,264,250.423844
265,265,45.905292
266,266,561.6
267,267,307.2
268,268,106.267659
269,269,539.774172
270,270,79.463916
271,271,547.912576
272,272,345.6
273,273,552.0
274,274,241.077843
275,275,496.8
276,276,250.058657
277,277,350.4
278,278,206.158416
279,279,289.040734
280,280,331.2
281,281,333.830572
282,282,286.234931
283,283,80.73124
284,284,1197.713861
285,285,297.6
286,286,585.454243
287,287,499.2
288,288,207.901654
289,289,619.2
290,290,537.6
291,291,49.364254
292,292,640.8
293,293,301.011106
294,294,516.421124
295,295,117.585017
296,296,327.647322
297,297,753.6
298,298,109.906628
299,299,355.2
300,300,1227.491941
301,301,329.206567
302,302,638.4
303,303,642.773149
304,304,587.861936
305,305,1350.379181
306,306,179.125777
307,307,609.6
308,308,504.0
309,309,292.8
310,310,511.2
311,311,547.2
312,312,355.2
313,313,316.8
314,314,114.798771
315,315,178.006524
316,316,207.510821
317,317,263.82569
318,318,1476.0
319,319,561.6
320,320,220.018279
321,321,355.2
322,322,148.003496
323,323,674.973614
324,324,669.399277
325,325,483.731784
326,326,513.6
327,327,604.8
328,328,551.132139
329,329,147.128736
330,330,921.6
331,331,806.4
332,332,188.667196
333,333,721.241935
334,334,312.0
335,335,326.4
336,336,86.599774
337,337,546.524896
338,338,456.52385
339,339,468.566133
340,340,236.842746
341,341,307.2
342,342,441.6
343,343,553.385695
344,344,476.385575
345,345,215.255721
346,346,486.987555
347,347,611.40108
348,348,345.6
349,349,336.0
350,350,87.803087
351,351,595.160486
352,352,216.196521
353,353,243.292609
354,354,832.453791
355,355,489.594642
356,356,336.0
357,357,144.776935
358,358,810.461707
359,359,562.088587
360,360,532.8
361,361,316.8
362,362,264.040157
363,363,732.340362
364,364,392.695097
365,365,403.2
366,366,126.950071
367,367,109.032565
368,368,488.910614
369,369,91.055318
370,370,350.4
371,371,403.2
372,372,30.989755
373,373,839.348464
374,374,109.28708
375,375,302.4
376,376,419.365958
377,377,350.4
378,378,443.786437
379,379,25.299
380,380,329.206567
381,381,128.643975
382,382,283.241868
383,383,151.055863
384,384,202.847644
385,385,712.126586
386,386,294.319428
387,387,455.851876
388,388,339.017729
389,389,732.050007
390,390,427.243803
391,391,374.8996
392,392,340.8
393,393,928.8
394,394,345.6
395,395,239.540223
396,396,139.489926
397,397,460.379966
398,398,355.2
399,399,393.6
400,400,113.367765
401,401,364.8
402,402,340.8
403,403,624.0
404,404,232.745161
405,405,193.505325
406,406,114.743385
407,407,453.6
408,408,1415.579302
409,409,445.265108
410,410,595.2
411,411,165.410515
412,412,292.8
413,413,159.004261
414,414,144.051716
415,415,331.2
416,416,376.502488
417,417,342.832065
418,418,177.321283
419,419,137.665031
420,420,204.090644
421,421,610.617285
422,422,297.6
423,423,292.8
424,424,155.938593
425,425,191.945693
426,426,2.173552
427,427,316.8
428,428,513.6
429,429,280.89705
430,430,331.2
431,431,468.0
432,432,78.008093
433,433,320.519977
434,434,386.031248
435,435,571.2
436,436,1120.677126
437,437,91.55098
438,438,828.0
439,439,297.6
440,440,731.350857
441,441,806.4
442,442,212.391975
443,443,738.222494
444,444,46.386546
445,445,378.261483
446,446,460.8
447,447,436.8
448,448,469.359715
449,449,114.743547
450,450,292.8
451,451,133.425609
452,452,398.4
453,453,262.047663
454,454,118.538444
455,455,470.4
456,456,456.0
457,457,571.2
458,458,80.119997
459,459,77.695607
460,460,312.0
461,461,103.462381
462,462,528.391284
463,463,435.527845
464,464,912.0
465,465,189.835063
466,466,412.8
467,467,658.125874
468,468,76.586018
469,469,398.502948
470,470,498.159874
471,471,69.794432
472,472,171.746945
473,473,888.0
474,474,537.6
475,475,1965.6
476,476,317.844812
477,477,199.851173
478,478,900.0
479,479,312.0
480,480,643.2
481,481,508.8
482,482,354.729129
483,483,393.6
484,484,31.652079
485,485,413.269261
486,486,667.2
487,487,625.483498
488,488,460.8
489,489,568.8
490,490,192.591072
491,491,892.8
492,492,108.871857
493,493,461.841879
494,494,415.768941
495,495,369.6
496,496,629.647822
497,497,530.667993
498,498,907.2
499,499,828.0
500,500,302.4
501,501,186.459607
502,502,246.515921
503,503,1448.994134
504,504,234.393625
505,505,331.2
506,506,292.8
507,507,39.336222
508,508,450.080101
509,509,105.379402
510,510,398.4
511,511,541.755353
512,512,268.1726
513,513,54.961039
514,514,321.6
515,515,403.2
516,516,25.89566
517,517,67.530904
518,518,340.8
519,519,331.2
520,520,171.685669
521,521,863.861736
522,522,430.29174
523,523,317.109447
524,524,419.464143
525,525,249.742856
526,526,1284.093173
527,527,933.330936
528,528,583.2
529,529,964.8
530,530,445.19869
531,531,382.067564
532,532,518.4
533,533,582.420512
534,534,244.803741
535,535,914.538629
536,536,192.644347
537,537,147.080303
538,538,489.6
539,539,1441.843837
540,540,537.391704
541,541,86.461582
542,542,350.4
543,543,856.8
544,544,679.827592
545,545,504.0
546,546,86.309744
547,547,146.110685
548,548,508.8
549,549,542.4
550,550,809.039071
551,551,386.765125
552,552,222.626234
553,553,182.432565
554,554,442.964578
555,555,84.097896
556,556,436.8
557,557,370.285349
558,558,312.0
559,559,921.6
560,560,537.6
561,561,398.4
562,562,468.0
563,563,459.895876
564,564,468.492761
565,565,114.273025
566,566,150.235884
567,567,279.996658
568,568,346.387342
569,569,949.953253
570,570,45.425684
571,571,848.161322
572,572,417.6
573,573,65.953005
574,574,508.8
575,575,297.6
576,576,571.593637
577,577,282.458203
578,578,374.4
579,579,408.0
580,580,475.2
581,581,29.035528
582,582,159.383042
583,583,691.2
584,584,388.8
585,585,772.8
586,586,124.967415
587,587,226.731454
588,588,417.6
589,589,640.8
590,590,456.0
591,591,316.8
592,592,504.0
593,593,307.2
594,594,921.6
595,595,398.240791
596,596,336.0
597,597,404.817249
598,598,329.206567
599,599,528.0
600,600,278.804991
601,601,348.186032
602,602,532.8
603,603,205.957043
604,604,316.8
605,605,499.2
606,606,936.0
607,607,1228.8
608,608,307.2
609,609,497.126827
610,610,297.6
611,611,167.667603
612,612,563.284331
613,613,350.4
614,614,487.814322
615,615,856.8
616,616,1032.0
617,617,509.513764
618,618,368.022992
619,619,907.2
620,620,200.54531
621,621,628.801638
622,622,558.099357
623,623,470.097411
624,624,121.306839
625,625,326.281835
626,626,400.832857
627,627,208.38907
628,628,1062.090461
629,629,1272.487601
630,630,326.4
631,631,331.2
632,632,482.4
633,633,274.114843
634,634,326.4
635,635,566.4
636,636,392.235698
637,637,152.216871
638,638,73.839514
639,639,588.742251
640,640,472.280461
641,641,542.4
642,642,758.4
643,643,619.267164
644,644,689.282166
645,645,945.169882
646,646,312.0
647,647,151.589577
648,648,404.817249
649,649,494.4
650,650,17.558721
651,651,111.872115
652,652,799.2
653,653,42.078345
654,654,511.2
655,655,446.4
656,656,763.2
657,657,934.656068
658,658,340.8
659,659,159.266473
660,660,964.8
661,661,391.942636
662,662,532.8
663,663,547.2
664,664,387.222556
665,665,774.737185
666,666,75.110004
667,667,673.780804
668,668,34.235959
669,669,411.228571
670,670,364.8
671,671,334.015169
672,672,554.522969
673,673,307.2
674,674,113.237624
675,675,308.321335
676,676,386.031248
677,677,345.6
678,678,95.997363
679,679,1195.2
680,680,340.8
681,681,567.065802
682,682,356.563616
683,683,566.4
684,684,218.374041
685,685,59.853369
686,686,710.4
687,687,259.361117
688,688,511.2
689,689,172.226165
690,690,158.077504
691,691,351.403677
692,692,321.6
693,693,115.086827
694,694,260.265417
695,695,354.455466
696,696,623.223617
697,697,489.6
698,698,119.587974
699,699,378.432035
700,700,552.0
701,701,133.099001
702,702,402.778867
703,703,29.828668
704,704,491.027024
705,705,16.03451
706,706,350.4
707,707,791.878042
708,708,252.157829
709,709,511.750971
710,710,609.6
711,711,67.975243
712,712,415.850776
713,713,678.209827
714,714,494.4
715,715,1070.4
716,716,456.0
717,717,1008.0
718,718,344.736945
719,719,316.8
720,720,331.2
721,721,98.923871
722,722,172.518524
723,723,489.6
724,724,393.6
725,725,523.815839
726,726,727.2
727,727,1430.548077
728,728,118.446235
729,729,398.4
730,730,221.188327
731,731,312.0
732,732,321.6
733,733,308.953614
734,734,394.968488
735,735,624.0
736,736,754.260616
737,737,110.868874
738,738,1579.854155
739,739,309.577946
740,740,294.905685
741,741,446.4
742,742,787.993313
743,743,525.6
744,744,345.6
745,745,471.443077
746,746,489.6
747,747,85.155359
748,748,159.383042
749,749,78.189401
750,750,518.715288
751,751,256.893746
752,752,281.295903
753,753,61.285525
754,754,494.4
755,755,297.6
756,756,312.0
757,757,350.4
758,758,240.176533
759,759,379.209349
760,760,373.324673
761,761,181.538354
762,762,900.0
763,763,61.536107
764,764,336.0
765,765,345.6
766,766,1080.0
767,767,331.2
768,768,292.8
769,769,535.080276
770,770,667.2
771,771,130.298883
772,772,662.4
773,773,741.850171
774,774,784.8
775,775,350.4
776,776,304.699889
777,777,739.2
778,778,307.2
779,779,59.860273
780,780,303.148399
781,781,182.607687
782,782,92.307736
783,783,451.2
784,784,561.6
785,785,221.047584
786,786,528.0
787,787,619.2
788,788,268.471802
789,789,307.2
790,790,523.888845
791,791,206.837111
792,792,614.4
793,793,325.917598
794,794,58.469264
795,795,556.8
796,796,236.63519
797,797,430.994107
798,798,517.056582
799,799,532.8
800,800,272.835064
801,801,355.2
802,802,1.332349
803,803,336.0
804,804,655.41333
805,805,1358.4
806,806,345.6
807,807,340.8
808,808,554.926724
809,809,252.076899
810,810,1080.0
811,811,27.031485
812,812,364.8
813,813,432.0
814,814,316.8
815,815,526.476537
816,816,221.359492
817,817,412.8
818,818,303.872752
819,819,764.221884
820,820,308.749796
821,821,122.017931
822,822,272.024652
823,823,174.292234
824,824,340.8
825,825,128.969729
826,826,792.0
827,827,108.567965
828,828,48.780064
829,829,309.424708
830,830,119.062347
831,831,484.8
832,832,655.2
833,833,753.22565
834,834,362.774545
835,835,414.106436
836,836,762.007253
837,837,513.511091
838,838,302.137164
839,839,460.889274
840,840,468.0
841,841,12.252847
842,842,364.8
843,843,251.756739
844,844,915.188647
845,845,60.036683
846,846,324.739746
847,847,929.554445
848,848,458.661381
849,849,25.336642
850,850,1324.8
851,851,123.512596
852,852,78.003781
853,853,465.922152
854,854,336.0
855,855,292.8
856,856,241.232198
857,857,19.575683
858,858,409.459488
859,859,350.4
860,860,55.510526
861,861,954.688499
862,862,316.8
863,863,489.6
864,864,667.2
865,865,309.577946
866,866,972.0
867,867,772.8
868,868,25.807685
869,869,964.8
870,870,324.812083
871,871,166.937747
872,872,302.4
873,873,174.08854
874,874,2042.569089
875,875,292.8
876,876,756.0
877,877,681.505066
878,878,311.84034
879,879,144.782152
880,880,653.685468
881,881,523.2
882,882,201.455005
883,883,511.2
884,884,859.2
885,885,451.2
886,886,98.198664
887,887,550.127548
888,888,187.934331
889,889,643.877067
890,890,161.210468
891,891,441.6
892,892,433.588181
893,893,412.8
894,894,1065.617464
895,895,806.180375
896,896,101.89645
897,897,209.504391
898,898,75.936096
899,899,1052.933035
900,900,373.428187
901,901,215.438825
902,902,326.4
903,903,897.6
904,904,297.6
905,905,138.633681
906,906,552.0
907,907,340.8
908,908,132.517983
909,909,900.0
910,910,3.406136
911,911,398.4
912,912,537.6
913,913,327.682669
914,914,425.800112
915,915,1088.38378
916,916,288.572108
917,917,379.029102
918,918,484.8
919,919,50.359627
920,920,950.4
921,921,307.2
922,922,606.642452
923,923,400.181882
924,924,427.242973
925,925,545.291103
926,926,231.969205
927,927,694.357961
928,928,183.602763
929,929,393.151377
930,930,638.098653
931,931,331.2
932,932,504.0
933,933,355.2
934,934,765.012123
935,935,316.8
936,936,331.2
937,937,484.728153
938,938,667.2
939,939,78.172321
940,940,238.005074
941,941,209.387509
942,942,367.92773
943,943,297.6
944,944,441.6
945,945,499.2
946,946,127.886591
947,947,599.648466
948,948,338.79562
949,949,468.0
950,950,1090.86434
951,951,4.238626
952,952,611.941558
953,953,542.319401
954,954,312.0
955,955,336.0
956,956,840.179082
957,957,547.2
958,958,323.637414
959,959,297.6
960,960,336.0
961,961,571.319514
962,962,7.345946
963,963,133.907696
964,964,520.364752
965,965,799.2
966,966,426.006858
967,967,537.6
968,968,99.697769
969,969,343.159148
970,970,513.6
971,971,21.261834
972,972,240.818954
973,973,441.6
974,974,536.00374
975,975,624.711448
976,976,926.4
977,977,23.810491
978,978,821.51673
979,979,312.0
980,980,561.6
981,981,446.4
982,982,547.2
983,983,508.8
984,984,67.648392
985,985,542.4
986,986,350.4
987,987,59.987126
988,988,41.016038
989,989,734.4
990,990,355.2
991,991,72.438681
992,992,45.721456
993,993,184.958966
994,994,683.45551
995,995,599.000883
996,996,352.130674
997,997,171.213743
998,998,302.4
999,999,469.030907
1000,1000,145.448401
1001,1001,699.1679
1002,1002,331.2
1003,1003,587.37679
1004,1004,446.4
1005,1005,494.4
1006,1006,482.4
1007,1007,326.4
1008,1008,364.8
1009,1009,207.75186
1010,1010,508.8
1011,1011,91.815153
1012,1012,427.63121
1013,1013,547.2
1014,1014,480.0
1015,1015,193.243084
1016,1016,556.8
1017,1017,292.8
1018,1018,388.346716
1019,1019,136.172569
1020,1020,336.0
1021,1021,312.0
1022,1022,442.199439
1023,1023,350.4
1024,1024,532.089467
1025,1025,1099.2
1026,1026,547.2
1027,1027,359.484342
1028,1028,316.8
1029,1029,708.220713
1030,1030,355.2
1031,1031,912.0
1032,1032,481.823284
1033,1033,1100.088685
1034,1034,813.6
1035,1035,571.2
1036,1036,518.4
1037,1037,571.2
1038,1038,312.0
1039,1039,684.851797
1040,1040,104.672657
1041,1041,329.238904
1042,1042,312.0
1043,1043,376.760016
1044,1044,316.8
1045,1045,787.993313
1046,1046,1972.8
1047,1047,321.6
1048,1048,238.868659
1049,1049,451.566751
1050,1050,558.099357
1051,1051,547.2
1052,1052,292.8
1053,1053,31.58501
1054,1054,208.035411
1055,1055,159.391681
1056,1056,494.4
1057,1057,397.622116
1058,1058,528.0
1059,1059,1128.0
1060,1060,437.040616
1061,1061,460.8
1062,1062,355.922452
1063,1063,445.879224
1064,1064,273.250112
1065,1065,178.006524
1066,1066,700.901632
1067,1067,73.848672
1068,1068,528.0
1069,1069,456.0
1070,1070,130.697268
1071,1071,739.310493
1072,1072,403.2
1073,1073,784.611446
1074,1074,475.2
1075,1075,316.8
1076,1076,293.308765
1077,1077,489.411833
1078,1078,399.0564
1079,1079,1490.4
1080,1080,496.8
1081,1081,320.777404
1082,1082,633.6
1083,1083,79.340118
1084,1084,427.2
1085,1085,398.4
1086,1086,348.278032
1087,1087,302.4
1088,1088,72.071195
1089,1089,777.6
1090,1090,393.6
1091,1091,393.6
1092,1092,422.4
1093,1093,979.2
1094,1094,302.4
1095,1095,340.8
1096,1096,681.328474
1097,1097,528.0
1098,1098,424.883448
1099,1099,979.2
1100,1100,540.173933
1101,1101,336.0
1102,1102,22.45383
1103,1103,149.241472
1104,1104,297.187468
1105,1105,238.132215
1106,1106,512.861063
1107,1107,427.2
1108,1108,355.2
1109,1109,655.2
1110,1110,564.922034
1111,1111,18.077998
1112,1112,652.8
1113,1113,570.388228
1114,1114,217.554695
1115,1115,958.502743
1116,1116,460.8
1117,1117,120.477298
1118,1118,291.860708
1119,1119,489.6
1120,1120,701.708239
1121,1121,748.8
1122,1122,661.608936
1123,1123,218.779614
1124,1124,340.8
1125,1125,389.185006
1126,1126,374.4
1127,1127,196.155575
1128,1128,566.4
1129,1129,131.828507
1130,1130,1358.4
1131,1131,292.8
1132,1132,504.365927
1133,1133,518.4
1134,1134,133.425609
1135,1135,26.731452
1136,1136,830.4
1137,1137,904.813121
1138,1138,583.2
1139,1139,749.244062
1140,1140,460.8
1141,1141,556.8
1142,1142,398.4
1143,1143,201.762191
1144,1144,123.576765
1145,1145,329.46648
1146,1146,309.577946
1147,1147,326.4
1148,1148,336.13217
1149,1149,1257.527908
1150,1150,1118.990694
1151,1151,523.337427
1152,1152,292.8
1153,1153,350.4
1154,1154,446.4
1155,1155,2270.508697
1156,1156,209.25613
1157,1157,489.6
1158,1158,1101.05432
1159,1159,199.851201
1160,1160,825.6
1161,1161,146.950756
1162,1162,320.327775
1163,1163,946.345269
1164,1164,395.729716
1165,1165,98.921782
1166,1166,355.2
1167,1167,528.0
1168,1168,392.235698
1169,1169,523.815839
1170,1170,292.274846
1171,1171,268.471802
1172,1172,374.4
1173,1173,933.212749
1174,1174,25.961213
1175,1175,363.865389
1176,1176,1003.050834
1177,1177,653.65668
1178,1178,389.673944
1179,1179,731.289267
1180,1180,38.792481
1181,1181,421.824276
1182,1182,518.4
1183,1183,262.00129
1184,1184,470.4
1185,1185,30.567357
1186,1186,450.129276
1187,1187,626.411563
1188,1188,331.2
1189,1189,759.119999
1190,1190,1336.931716
1191,1191,1953.87972
1192,1192,259.591385
1193,1193,292.8
1194,1194,731.479725
1195,1195,446.4
1196,1196,298.954932
1197,1197,388.8
1198,1198,321.6
1199,1199,350.4
1200,1200,561.6
1201,1201,350.4
1202,1202,308.240792
1203,1203,638.4
1204,1204,20.374393
1205,1205,633.6
1206,1206,120.128737
1207,1207,601.983113
1208,1208,33.747903
1209,1209,170.496071
1210,1210,619.07199
1211,1211,21.00736
1212,1212,523.2
1213,1213,451.2
1214,1214,400.181882
1215,1215,494.4
1216,1216,385.440163
1217,1217,181.689191
1218,1218,350.4
1219,1219,350.4
1220,1220,7.651121
1221,1221,358.985713
1222,1222,544.712653
1223,1223,388.135527
1224,1224,321.6
1225,1225,422.4
1226,1226,292.8
1227,1227,368.919773
1228,1228,321.6
1229,1229,407.440238
1230,1230,541.561209
1231,1231,556.8
1232,1232,499.663591
1233,1233,297.6
1234,1234,523.99823
1235,1235,404.82483
1236,1236,541.217743
1237,1237,336.0
1238,1238,292.8
1239,1239,466.446708
1240,1240,460.8
1241,1241,109.906628
1242,1242,1254.137899
1243,1243,577.57549
1244,1244,450.760925
1245,1245,868.8
1246,1246,453.6
1247,1247,487.102627
1248,1248,496.8
1249,1249,42.248087
1250,1250,158.126982
1251,1251,192.085299
1252,1252,441.6
1253,1253,513.6
1254,1254,292.8
1255,1255,374.4
1256,1256,490.113784
1257,1257,518.4
1258,1258,446.4
1259,1259,312.0
1260,1260,432.4081
1261,1261,416.365369
1262,1262,806.4
1263,1263,35.597288
1264,1264,489.6
1265,1265,336.0
1266,1266,321.6
1267,1267,331.2
1268,1268,336.0
1269,1269,504.0
1270,1270,251.774574
1271,1271,1376.958592
1272,1272,136.263492
1273,1273,871.505797
1274,1274,42.642554
1275,1275,496.8
1276,1276,571.2
1277,1277,186.448395
1278,1278,464.714188
1279,1279,955.2
1280,1280,312.0
1281,1281,292.8
1282,1282,158.077504
1283,1283,390.161912
1284,1284,573.941286
1285,1285,528.0
1286,1286,268.471802
1287,1287,43.419028
1288,1288,204.475147
1289,1289,740.05751
1290,1290,242.628654
1291,1291,511.497882
1292,1292,537.6
1293,1293,307.963291
1294,1294,182.964184
1295,1295,511.2
1296,1296,542.4
1297,1297,64.894362
1298,1298,41.122303
1299,1299,362.774545
1300,1300,657.6
1301,1301,294.284951
1302,1302,156.124914
1303,1303,465.6
1304,1304,223.305224
1305,1305,629.532731
1306,1306,617.202619
1307,1307,495.612777
1308,1308,489.6
1309,1309,4.216231
1310,1310,574.024018
1311,1311,300.312635
1312,1312,345.6
1313,1313,441.6
1314,1314,331.2
1315,1315,1029.6
1316,1316,523.2
1317,1317,350.4
1318,1318,499.2
1319,1319,291.890464
1320,1320,424.330166
1321,1321,336.0
1322,1322,171.830049
1323,1323,336.0
1324,1324,240.186527
1325,1325,716.67276
1326,1326,314.441585
1327,1327,362.774545
1328,1328,667.2
1329,1329,307.2
1330,1330,222.903462
1331,1331,224.159416
1332,1332,640.8
1333,1333,151.991098
1334,1334,528.0
1335,1335,316.8
1336,1336,34.651305
1337,1337,436.8
1338,1338,355.2
1339,1339,31.553152
1340,1340,960.115399
1341,1341,494.4
1342,1342,412.8
1343,1343,511.2
1344,1344,101.288057
1345,1345,392.925712
1346,1346,338.529369
1347,1347,89.398794
1348,1348,776.601764
1349,1349,799.673766
1350,1350,98.206649
1351,1351,494.4
1352,1352,856.347474
1353,1353,14.386157
1354,1354,350.853987
1355,1355,247.911872
1356,1356,528.0
1357,1357,372.430947
1358,1358,250.652309
1359,1359,10.42277
1360,1360,757.89114
1361,1361,385.572011
1362,1362,21.143072
1363,1363,669.6
1364,1364,1452.213743
1365,1365,268.676912
1366,1366,322.528829
1367,1367,226.10336
1368,1368,384.0
1369,1369,412.8
1370,1370,331.2
1371,1371,436.836944
1372,1372,91.735354
1373,1373,624.0
1374,1374,256.43803
1375,1375,64.646458
1376,1376,825.657746
1377,1377,302.4
1378,1378,395.934815
1379,1379,571.2
1380,1380,465.6
1381,1381,331.2
1382,1382,571.2
1383,1383,166.5492
1384,1384,412.8
1385,1385,275.577631
1386,1386,240.00056
1387,1387,134.222332
1388,1388,676.8
1389,1389,504.0
1390,1390,437.184112
1391,1391,132.947215
1392,1392,20.382876
1393,1393,475.2
1394,1394,395.34111
1395,1395,321.6
1396,1396,307.2
1397,1397,108.701381
1398,1398,19.251693
1399,1399,312.0
1400,1400,577.385463
1401,1401,151.835574
1402,1402,667.2
1403,1403,316.795337
1404,1404,331.2
1405,1405,228.498823
1406,1406,792.609747
1407,1407,571.2
1408,1408,350.4
1409,1409,545.999699
1410,1410,89.411365
1411,1411,179.161843
1412,1412,287.5426
1413,1413,316.8
1414,1414,243.237741
1415,1415,237.264543
1416,1416,393.6
1417,1417,242.807725
1418,1418,1272.546918
1419,1419,331.2
1420,1420,329.206567
1421,1421,552.0
1422,1422,31.755601
1423,1423,707.430832
1424,1424,475.2
1425,1425,452.295175
1426,1426,499.2
1427,1427,109.296118
1428,1428,730.373515
1429,1429,297.6
1430,1430,960.115399
1431,1431,350.4
1432,1432,76.609295
1433,1433,672.0
1434,1434,354.530239
1435,1435,99.509191
1436,1436,201.455005
1437,1437,180.085807
1438,1438,142.695319
1439,1439,410.548521
1440,1440,780.57363
1441,1441,312.0
1442,1442,643.2
1443,1443,141.718568
1444,1444,405.804184
1445,1445,346.971517
1446,1446,617.396701
1447,1447,499.2
1448,1448,680.753091
1449,1449,99.223092
1450,1450,46.949646
1451,1451,652.386798
1452,1452,547.2
1453,1453,272.843439
1454,1454,644.755653
1455,1455,496.8
1456,1456,453.6
1457,1457,528.0
1458,1458,393.6
1459,1459,1178.995926
1460,1460,1072.532443
1461,1461,998.4
1462,1462,412.8
1463,1463,412.829624
1464,1464,326.242099
1465,1465,433.38842
1466,1466,225.558918
1467,1467,404.817249
1468,1468,0.099007
1469,1469,78.581528
1470,1470,331.231484
1471,1471,754.358929
1472,1472,336.0
1473,1473,302.4
1474,1474,179.633818
1475,1475,288.594641
1476,1476,304.156333
1477,1477,12.603783
1478,1478,705.6
1479,1479,686.4
1480,1480,343.340361
1481,1481,292.8
1482,1482,321.6
1483,1483,439.361029
1484,1484,431.847824
1485,1485,336.0
1486,1486,552.0
1487,1487,321.6
1488,1488,722.432062
1489,1489,417.6
1490,1490,355.2
1491,1491,128.90032
1492,1492,469.257835
1493,1493,741.6
1494,1494,648.0
1495,1495,420.041981
1496,1496,186.191931
1497,1497,184.936711
1498,1498,467.803638
1499,1499,20.209679
1500,1500,262.746281
1501,1501,151.381353
1502,1502,422.765363
1503,1503,313.351134
1504,1504,566.4
1505,1505,379.2
1506,1506,321.6
1507,1507,561.6
1508,1508,597.6
1509,1509,859.599411
1510,1510,39.579516
1511,1511,930.594707
1512,1512,380.069056
1513,1513,384.31404
1514,1514,316.8
1515,1515,547.2
1516,1516,312.0
1517,1517,280.352767
1518,1518,1.208908
1519,1519,457.593764
1520,1520,525.6
1521,1521,527.539078
1522,1522,476.254583
1523,1523,518.4
1524,1524,316.8
1525,1525,465.6
1526,1526,799.2
1527,1527,582.462008
1528,1528,111.049063
1529,1529,1003.2
1530,1530,209.465295
1531,1531,336.0
1532,1532,169.414572
1533,1533,199.460544
1534,1534,619.2
1535,1535,326.4
1536,1536,487.070965
1537,1537,342.481173
1538,1538,364.8
1539,1539,937.824847
1540,1540,456.702735
1541,1541,197.776009
1542,1542,39.730199
1543,1543,166.937747
1544,1544,835.2
1545,1545,350.75997
1546,1546,552.0
1547,1547,355.2
1548,1548,481.025786
1549,1549,765.709629
1550,1550,417.6
1551,1551,871.2
1552,1552,281.110788
1553,1553,453.073096
1554,1554,374.4
1555,1555,120.109061
1556,1556,297.6
1557,1557,566.4
1558,1558,799.251165
1559,1559,73.27252
1560,1560,494.4
1561,1561,2.823303
1562,1562,547.2
1563,1563,518.4
1564,1564,1080.559002
1565,1565,386.258495
1566,1566,316.8
1567,1567,9.832575
1568,1568,918.655051
1569,1569,596.050118
1570,1570,142.932303
1571,1571,739.2
1572,1572,312.0
1573,1573,255.946801
1574,1574,329.980754
1575,1575,332.224293
1576,1576,483.578159
1577,1577,109.112713
1578,1578,337.727542
1579,1579,350.4
1580,1580,1550.375183
1581,1581,439.772868
1582,1582,508.8
1583,1583,611.844584
1584,1584,4.074222
1585,1585,124.447153
1586,1586,225.641724
1587,1587,482.550044
1588,1588,165.057816
1589,1589,547.2
1590,1590,186.608147
1591,1591,1550.596808
1592,1592,712.8
1593,1593,340.8
1594,1594,667.2
1595,1595,537.315879
1596,1596,425.800112
1597,1597,542.4
1598,1598,436.8
1599,1599,633.6
1600,1600,45.152521
1601,1601,402.749918
1602,1602,741.6
1603,1603,312.0
1604,1604,428.490681
1605,1605,162.461078
1606,1606,398.502948
1607,1607,484.8
1608,1608,628.8
1609,1609,518.4
1610,1610,640.8
1611,1611,307.2
1612,1612,612.0
1613,1613,1032.0
1614,1614,1090.122048
1615,1615,16.37296
1616,1616,525.6
1617,1617,379.2
1618,1618,340.8
1619,1619,648.0
1620,1620,502.873215
1621,1621,612.102262
1622,1622,344.469652
1623,1623,332.40907
1624,1624,348.82656
1625,1625,424.330166
1626,1626,236.614219
1627,1627,312.0
1628,1628,689.507724
1629,1629,83.897335
1630,1630,326.4
1631,1631,331.116399
1632,1632,468.0
1633,1633,1273.741085
1634,1634,141.654965
1635,1635,1343.619461
1636,1636,599.811172
1637,1637,331.2
1638,1638,331.2
1639,1639,340.8
1640,1640,240.24432
1641,1641,156.736745
1642,1642,667.2
1643,1643,343.705799
1644,1644,331.2
1645,1645,403.737293
1646,1646,828.0
1647,1647,620.011594
1648,1648,321.6
1649,1649,321.6
1650,1650,871.2
1651,1651,489.6
1652,1652,389.944994
1653,1653,619.2
1654,1654,478.750667
1655,1655,419.26062
1656,1656,216.744457
1657,1657,313.270725
1658,1658,199.551735
1659,1659,302.4
1660,1660,350.4
1661,1661,1056.0
1662,1662,126.509441
1663,1663,576.0
1664,1664,12.588784
1665,1665,75.302707
1666,1666,771.39748
1667,1667,14.518312
1668,1668,842.4
1669,1669,55.510526
1670,1670,312.0
1671,1671,640.8
1672,1672,225.654806
1673,1673,409.88696
1674,1674,298.362415
1675,1675,1021.654003
1676,1676,412.8
1677,1677,415.550209
1678,1678,548.321886
1679,1679,350.65008
1680,1680,631.594469
1681,1681,220.644418
1682,1682,480.0
1683,1683,345.619809
1684,1684,1317.6
1685,1685,612.0
1686,1686,741.6
1687,1687,272.844816
1688,1688,720.0
1689,1689,292.8
1690,1690,580.8
1691,1691,225.437098
1692,1692,381.062306
1693,1693,321.6
1694,1694,331.2
1695,1695,162.662641
1696,1696,336.0
1697,1697,357.757645
1698,1698,617.201984
1699,1699,1358.4
1700,1700,390.88142
1701,1701,364.8
1702,1702,244.278662
1703,1703,518.686584
1704,1704,523.2
1705,1705,624.0
1706,1706,439.762045
1707,1707,340.8
1708,1708,2092.523421
1709,1709,65.03063
1710,1710,494.4
1711,1711,302.4
1712,1712,284.000172
1713,1713,50.740536
1714,1714,585.6
1715,1715,1394.849254
1716,1716,561.6
1717,1717,460.8
1718,1718,807.721213
1719,1719,316.8
1720,1720,321.457124
1721,1721,440.189611
1722,1722,321.6
1723,1723,433.426544
1724,1724,528.0
1725,1725,312.0
1726,1726,551.569883
1727,1727,207.75186
1728,1728,166.972451
1729,1729,433.160284
1730,1730,388.313599
1731,1731,157.174836
1732,1732,768.797656
1733,1733,386.031248
1734,1734,384.0
1735,1735,1154.635974
1736,1736,669.6
1737,1737,504.0
1738,1738,542.4
1739,1739,537.6
1740,1740,19.626306
1741,1741,378.5566
1742,1742,566.4
1743,1743,156.282093
1744,1744,283.787384
1745,1745,648.0
1746,1746,144.551024
1747,1747,849.6
1748,1748,261.930545
1749,1749,388.8
1750,1750,513.6
1751,1751,307.2
1752,1752,741.655597
1753,1753,447.79344
1754,1754,561.6
1755,1755,15.169017
1756,1756,835.2
1757,1757,1193.036154
1758,1758,907.2
1759,1759,295.224598
1760,1760,133.284622
1761,1761,115.728852
1762,1762,345.211703
1763,1763,19.170855
1764,1764,504.0
1765,1765,42.689135
1766,1766,432.0
1767,1767,374.4
1768,1768,392.235698
1769,1769,413.695258
1770,1770,289.040734
1771,1771,108.09413
1772,1772,707.264022
1773,1773,312.0
1774,1774,503.204804
1775,1775,202.24202
1776,1776,1265.570302
1777,1777,518.4
1778,1778,303.002922
1779,1779,379.583119
1780,1780,321.6
1781,1781,372.893812
1782,1782,316.8
1783,1783,639.971388
1784,1784,490.638202
1785,1785,76.175672
1786,1786,1026.741926
1787,1787,206.211089
1788,1788,552.0
1789,1789,350.529033
1790,1790,518.4
1791,1791,528.0
1792,1792,234.683628
1793,1793,331.2
1794,1794,8.315904
1795,1795,355.641958
1796,1796,323.424189
1797,1797,287.149807
1798,1798,238.088581
1799,1799,120.060283
1800,1800,429.860895
1801,1801,481.025786
1802,1802,956.689634
1803,1803,249.803437
1804,1804,579.165954
1805,1805,398.421636
1806,1806,336.0
1807,1807,292.8
1808,1808,305.575785
1809,1809,1169.409787
1810,1810,600.0
1811,1811,439.2
1812,1812,137.611531
1813,1813,324.944098
1814,1814,528.0
1815,1815,755.19863
1816,1816,960.115399
1817,1817,145.673348
1818,1818,342.468248
1819,1819,624.42874
1820,1820,279.960213
1821,1821,628.8
1822,1822,384.0
1823,1823,169.226996
1824,1824,767.242337
1825,1825,163.9498
1826,1826,345.6
1827,1827,670.47746
1828,1828,230.84972
1829,1829,73.719521
1830,1830,470.4
1831,1831,452.115601
1832,1832,419.471438
1833,1833,350.4
1834,1834,590.4
1835,1835,806.4
1836,1836,195.218968
1837,1837,556.8
1838,1838,18.918935
1839,1839,445.702958
1840,1840,1324.8
1841,1841,202.860399
1842,1842,2893.239678
1843,1843,383.442328
1844,1844,482.4
1845,1845,315.950185
1846,1846,727.2
1847,1847,56.731578
1848,1848,1396.8
1849,1849,652.8
1850,1850,203.469143
1851,1851,138.722385
1852,1852,700.349052
1853,1853,350.4
1854,1854,14.784843
1855,1855,345.6
1856,1856,512.66245
1857,1857,816.0
1858,1858,240.977382
1859,1859,52.435202
1860,1860,1386.870718
1861,1861,1027.000029
1862,1862,268.710908
1863,1863,157.990123
1864,1864,383.890867
1865,1865,0.887629
1866,1866,615.927769
1867,1867,364.8
1868,1868,511.2
1869,1869,465.6
1870,1870,355.2
1871,1871,499.2
1872,1872,350.4
1873,1873,316.8
1874,1874,289.77269
1875,1875,897.379535
1876,1876,1261.319869
1877,1877,321.6
1878,1878,288.572108
1879,1879,159.239518
1880,1880,10.478305
1881,1881,417.72438
1882,1882,547.2
1883,1883,47.53101
1884,1884,503.808329
1885,1885,312.0
1886,1886,436.8
1887,1887,1562.4
1888,1888,190.649902
1889,1889,475.2
1890,1890,141.799422
1891,1891,104.905661
1892,1892,336.0
1893,1893,571.479602
1894,1894,485.183645
1895,1895,331.2
1896,1896,2.574682
1897,1897,673.34265
1898,1898,651.623195
1899,1899,779.629297
1900,1900,350.4
1901,1901,109.906628
1902,1902,98.480884
1903,1903,292.8
1904,1904,307.639408
1905,1905,345.6
1906,1906,900.0
1907,1907,372.652536
1908,1908,489.6
1909,1909,1138.687583
1910,1910,221.856184
1911,1911,926.4
1912,1912,302.4
1913,1913,93.697638
1914,1914,655.2
1915,1915,537.6
1916,1916,458.568921
1917,1917,253.511935
1918,1918,297.6
1919,1919,972.0
1920,1920,65.425125
1921,1921,197.040115
1922,1922,611.918994
1923,1923,960.115399
1924,1924,79.893853
1925,1925,74.666163
1926,1926,246.249051
1927,1927,528.0
1928,1928,207.289724
1929,1929,845.654042
1930,1930,331.2
1931,1931,60.036683
1932,1932,465.6
1933,1933,175.528642
1934,1934,395.729716
1935,1935,674.973614
1936,1936,556.8
1937,1937,149.90747
1938,1938,525.6
1939,1939,902.4
1940,1940,198.227061
1941,1941,49.451117
1942,1942,279.51121
1943,1943,897.6
1944,1944,246.489123
1945,1945,675.468453
1946,1946,301.562622
1947,1947,787.993313
1948,1948,306.983596
1949,1949,283.849464
1950,1950,460.8
1951,1951,542.4
1952,1952,468.0
1953,1953,202.938048
1954,1954,518.4
1955,1955,161.537767
1956,1956,18.918935
1957,1957,310.744656
1958,1958,451.2
1959,1959,532.8
1960,1960,842.000858
1961,1961,171.287759
1962,1962,292.8
1963,1963,140.165035
1964,1964,657.6
1965,1965,794.445585
1966,1966,480.0
1967,1967,638.371157
1968,1968,1499.806352
1969,1969,391.636628
1970,1970,1428.972913
1971,1971,780.090361
1972,1972,685.12694
1973,1973,395.729716
1974,1974,270.311239
1975,1975,292.8
1976,1976,504.0
1977,1977,331.2
1978,1978,76.826503
1979,1979,336.0
1980,1980,830.623064
1981,1981,604.8
1982,1982,727.2
1983,1983,130.495798
1984,1984,432.0
1985,1985,725.870693
1986,1986,350.4
1987,1987,704.337157
1988,1988,135.340489
1989,1989,600.0
1990,1990,393.6
1991,1991,350.4
1992,1992,558.835255
1993,1993,42.693918
1994,1994,67.530904
1995,1995,824.487259
1996,1996,398.4
1997,1997,639.464548
1998,1998,364.8
1999,1999,427.2
2000,2000,329.206567
2001,2001,468.0
2002,2002,308.651195
2003,2003,476.707749
2004,2004,617.288574
2005,2005,471.050488
2006,2006,621.218119
2007,2007,421.111226
2008,2008,310.36774
2009,2009,537.6
2010,2010,73.995096
2011,2011,244.801119
2012,2012,425.924132
2013,2013,321.6
2014,2014,436.8
2015,2015,91.417923
2016,2016,504.0
2017,2017,508.8
2018,2018,292.8
2019,2019,94.731199
2020,2020,701.708239
2021,2021,756.0
2022,2022,561.6
2023,2023,453.6
2024,2024,302.4
2025,2025,489.6
2026,2026,369.614729
2027,2027,470.4
2028,2028,835.2
2029,2029,504.0
2030,2030,86.461582
2031,2031,831.340966
2032,2032,218.717113
2033,2033,211.660971
2034,2034,341.088276
2035,2035,486.545439
2036,2036,623.751121
2037,2037,712.8
2038,2038,489.6
2039,2039,340.8
2040,2040,705.6
2041,2041,675.661163
2042,2042,763.2
2043,2043,174.041566
2044,2044,384.0
2045,2045,696.115596
2046,2046,57.678779
2047,2047,295.04969
2048,2048,307.2
2049,2049,365.835977
2050,2050,281.295903
2051,2051,482.4
2052,2052,1008.0
2053,2053,242.491357
2054,2054,336.0
2055,2055,420.39344
2056,2056,411.077415
2057,2057,133.90029
2058,2058,307.2
2059,2059,842.43785
2060,2060,740.963933
2061,2061,312.0
2062,2062,828.0
2063,2063,350.4
2064,2064,432.0
2065,2065,534.228036
2066,2066,943.2
2067,2067,1267.709661
2068,2068,542.4
2069,2069,738.05105
2070,2070,791.878042
2071,2071,345.6
2072,2072,631.743039
2073,2073,4.23752
2074,2074,518.4
2075,2075,823.798803
2076,2076,632.16097
2077,2077,297.419028
2078,2078,340.8
2079,2079,185.355353
2080,2080,787.993313
2081,2081,561.6
2082,2082,29.303915
2083,2083,1008.569798
2084,2084,302.4
2085,2085,134.629643
2086,2086,379.951464
2087,2087,398.4
2088,2088,132.041491
2089,2089,410.409376
2090,2090,336.0
2091,2091,684.0
2092,2092,374.4
2093,2093,778.463303
2094,2094,455.337179
2095,2095,213.027868
2096,2096,604.289428
2097,2097,71.729298
2098,2098,672.026958
2099,2099,181.810486
2100,2100,119.630789
2101,2101,350.4
2102,2102,553.174109
2103,2103,344.693511
2104,2104,758.460636
2105,2105,24.063693
2106,2106,326.4
2107,2107,532.8
2108,2108,25.292113
2109,2109,436.8
2110,2110,383.789732
2111,2111,345.6
2112,2112,595.2
2113,2113,87.565229
2114,2114,300.703109
2115,2115,499.2
2116,2116,537.6
2117,2117,470.4
2118,2118,656.798232
2119,2119,49.566591
2120,2120,355.2
2121,2121,302.033971
2122,2122,216.934983
2123,2123,900.242038
2124,2124,614.4
2125,2125,132.503461
2126,2126,571.2
2127,2127,470.4
2128,2128,1032.204305
2129,2129,302.4
2130,2130,114.02307
2131,2131,103.424766
2132,2132,15.001594
2133,2133,304.537298
2134,2134,484.8
2135,2135,868.8
2136,2136,177.224451
2137,2137,1012.8
2138,2138,698.4
2139,2139,374.4
2140,2140,57.712985
2141,2141,464.038577
2142,2142,825.416826
2143,2143,94.958688
2144,2144,377.917394
2145,2145,553.553427
2146,2146,363.613596
2147,2147,255.999709
2148,2148,739.2
2149,2149,380.595522
2150,2150,326.4
2151,2151,533.255723
2152,2152,270.370335
2153,2153,292.8
2154,2154,278.4815
2155,2155,1004.755092
2156,2156,148.820742
2157,2157,287.437831
2158,2158,206.709951
2159,2159,691.401424
2160,2160,545.240341
2161,2161,297.738909
2162,2162,1012.030163
2163,2163,500.908028
2164,2164,86.912677
2165,2165,1353.6
2166,2166,340.8
2167,2167,200.662297
2168,2168,420.041981
2169,2169,1018.808223
2170,2170,326.4
2171,2171,470.275242
2172,2172,312.0
2173,2173,326.4
2174,2174,1188.0
2175,2175,751.927019
2176,2176,528.0
2177,2177,849.6
2178,2178,544.340079
2179,2179,456.0
2180,2180,48.828732
2181,2181,806.4
2182,2182,417.6
2183,2183,601.124657
2184,2184,1008.0
2185,2185,404.074203
2186,2186,604.8
2187,2187,327.912134
2188,2188,281.163705
2189,2189,1099.233361
2190,2190,629.82071
2191,2191,307.2
2192,2192,256.43803
2193,2193,480.0
2194,2194,369.6
2195,2195,480.521227
2196,2196,723.301363
2197,2197,326.4
2198,2198,773.346065
2199,2199,727.2
2200,2200,166.78838
2201,2201,892.8
2202,2202,619.2
2203,2203,463.604317
2204,2204,331.2
2205,2205,547.2
2206,2206,208.904212
2207,2207,446.4
2208,2208,227.797105
2209,2209,345.6
2210,2210,308.631159
2211,2211,484.8
2212,2212,652.8
2213,2213,412.8
2214,2214,446.4
2215,2215,336.0
2216,2216,207.75186
2217,2217,156.124914
2218,2218,475.2
2219,2219,369.614729
2220,2220,343.278996
2221,2221,374.4
2222,2222,346.319404
2223,2223,639.105556
2224,2224,29.209521
2225,2225,460.8
2226,2226,72.686545
2227,2227,433.160284
2228,2228,484.013411
2229,2229,421.906803
2230,2230,350.4
2231,2231,343.98412
2232,2232,331.2
2233,2233,337.219884
2234,2234,208.885686
2235,2235,395.729716
2236,2236,316.8
2237,2237,368.400146
2238,2238,487.930161
2239,2239,312.0
2240,2240,597.6
2241,2241,523.2
2242,2242,1324.8
2243,2243,231.516063
2244,2244,76.026046
2245,2245,772.8
2246,2246,525.6
2247,2247,128.21198
2248,2248,523.2
2249,2249,398.4
2250,2250,482.4
2251,2251,614.4
2252,2252,488.272759
2253,2253,940.8
2254,2254,302.4
2255,2255,418.534381
2256,2256,424.330166
2257,2257,296.637382
2258,2258,626.4
2259,2259,694.598288
2260,2260,988.535078
2261,2261,398.19284
2262,2262,2145.6
2263,2263,82.409922
2264,2264,37.910623
2265,2265,379.2
2266,2266,422.438297
2267,2267,352.791394
2268,2268,214.247114
2269,2269,398.4
2270,2270,590.4
2271,2271,496.8
2272,2272,17.742954
2273,2273,345.6
2274,2274,494.4
2275,2275,17.029835
2276,2276,302.4
2277,2277,556.8
2278,2278,292.8
2279,2279,266.996814
2280,2280,453.6
2281,2281,412.8
2282,2282,213.587367
2283,2283,542.4
2284,2284,1836.0
2285,2285,403.991524
2286,2286,349.954886
2287,2287,282.657499
2288,2288,411.011162
2289,2289,331.2
2290,2290,868.8
2291,2291,273.691831
2292,2292,810.06514
2293,2293,482.4
2294,2294,619.165344
2295,2295,117.871165
2296,2296,473.361602
2297,2297,777.6
2298,2298,412.8
2299,2299,325.866271
2300,2300,495.670802
2301,2301,366.604732
2302,2302,19.46445
2303,2303,1985.999807
2304,2304,528.20086
2305,2305,553.699596
2306,2306,556.8
2307,2307,696.757797
2308,2308,355.2
2309,2309,412.8
2310,2310,95.693949
2311,2311,835.2
2312,2312,404.95431
2313,2313,849.6
2314,2314,95.95081
2315,2315,103.935601
2316,2316,489.6
2317,2317,542.4
2318,2318,345.6
2319,2319,494.4
2320,2320,950.4
2321,2321,151.973156
2322,2322,472.850932
2323,2323,86.461582
2324,2324,350.4
2325,2325,1404.0
2326,2326,126.634634
2327,2327,128.969729
2328,2328,625.282599
2329,2329,770.4
2330,2330,292.8
2331,2331,449.819671
2332,2332,528.0
2333,2333,264.642948
2334,2334,403.937672
2335,2335,441.6
2336,2336,561.6
2337,2337,937.327881
2338,2338,615.243841
2339,2339,712.8
2340,2340,343.889585
2341,2341,357.14996
2342,2342,359.861348
2343,2343,123.436634
2344,2344,676.8
2345,2345,571.695889
2346,2346,852.460341
2347,2347,473.613006
2348,2348,379.897943
2349,2349,357.642982
2350,2350,176.735323
2351,2351,292.8
2352,2352,157.397849
2353,2353,85.073541
2354,2354,326.4
2355,2355,197.498882
2356,2356,307.2
2357,2357,537.6
2358,2358,422.494292
2359,2359,91.146661
2360,2360,978.257137
2361,2361,480.0
2362,2362,333.5671
2363,2363,328.942798
2364,2364,437.608909
2365,2365,792.0
2366,2366,657.6
2367,2367,540.141566
2368,2368,357.109603
2369,2369,883.2
2370,2370,494.4
2371,2371,975.107098
2372,2372,4.619402
2373,2373,220.446667
2374,2374,6.342791
2375,2375,580.622219
2376,2376,446.4
2377,2377,316.8
2378,2378,604.8
2379,2379,900.0
2380,2380,336.0
2381,2381,561.499579
2382,2382,48.936563
2383,2383,481.339891
2384,2384,117.229971
2385,2385,321.6
2386,2386,524.836298
2387,2387,56.300724
2388,2388,130.775164
2389,2389,316.8
2390,2390,243.238784
2391,2391,392.604371
2392,2392,446.4
2393,2393,633.6
2394,2394,498.533231
2395,2395,542.4
2396,2396,257.380112
2397,2397,674.973614
2398,2398,590.4
2399,2399,820.8
2400,2400,383.655742
2401,2401,350.4
2402,2402,125.510669
2403,2403,560.154132
2404,2404,611.476898
2405,2405,638.543326
2406,2406,1084.8
2407,2407,355.2
2408,2408,167.073308
2409,2409,979.2
2410,2410,475.2
2411,2411,1358.4
2412,2412,441.6
2413,2413,268.773368
2414,2414,178.762806
2415,2415,150.693773
2416,2416,604.8
2417,2417,663.643801
2418,2418,547.2
2419,2419,355.2
2420,2420,316.8
2421,2421,957.6
2422,2422,618.355883
2423,2423,154.749492
2424,2424,291.587866
2425,2425,345.6
2426,2426,1439.676002
2427,2427,1084.8
2428,2428,1.687291
2429,2429,355.909266
2430,2430,360.499075
2431,2431,475.2
2432,2432,156.124914
2433,2433,432.0
2434,2434,494.664784
2435,2435,482.778155
2436,2436,425.266308
2437,2437,586.390393
2438,2438,393.6
2439,2439,465.278453
2440,2440,628.8
2441,2441,988.533256
2442,2442,326.4
2443,2443,429.695284
2444,2444,340.8
2445,2445,321.789644
2446,2446,373.227044
2447,2447,355.2
2448,2448,542.4
2449,2449,366.212945
2450,2450,321.6
2451,2451,562.426585
2452,2452,1296.0
2453,2453,211.68058
2454,2454,441.6
2455,2455,39.292196
2456,2456,128.969729
2457,2457,406.348084
2458,2458,377.350433
2459,2459,292.8
2460,2460,424.330166
2461,2461,364.8
2462,2462,321.6
2463,2463,468.0
2464,2464,484.87847
2465,2465,25.478179
2466,2466,504.0
2467,2467,286.003968
2468,2468,350.4
2469,2469,787.88953
2470,2470,467.803638
2471,2471,494.395024
2472,2472,371.679189
2473,2473,504.0
2474,2474,518.4
2475,2475,580.473259
2476,2476,470.4
2477,2477,67.530904
2478,2478,523.2
2479,2479,604.8
2480,2480,302.4
2481,2481,302.4
2482,2482,612.973779
2483,2483,422.4
2484,2484,441.6
2485,2485,316.8
2486,2486,343.340301
2487,2487,417.6
2488,2488,110.527627
2489,2489,39.781368
2490,2490,216.839496
2491,2491,312.0
2492,2492,346.991025
2493,2493,319.799712
2494,2494,309.568636
2495,2495,427.2
2496,2496,561.6
2497,2497,328.362698
2498,2498,355.2
2499,2499,350.4
2500,2500,720.0
2501,2501,292.8
2502,2502,283.670312
2503,2503,178.408186
2504,2504,307.2
2505,2505,326.4
2506,2506,1215.970113
2507,2507,355.2
2508,2508,316.8
2509,2509,516.237951
2510,2510,494.4
2511,2511,656.775467
2512,2512,882.871945
2513,2513,607.4459
2514,2514,655.2
2515,2515,482.4
2516,2516,202.961374
2517,2517,597.6
2518,2518,640.229108
2519,2519,480.578584
2520,2520,154.907769
2521,2521,17.938979
2522,2522,491.66348
2523,2523,676.8
2524,2524,125.768818
2525,2525,255.285875
2526,2526,720.752945
2527,2527,807.947292
2528,2528,12.444326
2529,2529,340.8
2530,2530,446.4
2531,2531,850.593038
2532,2532,541.282007
2533,2533,243.467617
2534,2534,425.137341
2535,2535,531.164627
2536,2536,432.0
2537,2537,746.0459
2538,2538,590.4
2539,2539,537.6
2540,2540,176.242159
2541,2541,1051.2
2542,2542,312.0
2543,2543,532.8
2544,2544,565.929394
2545,2545,391.039166
2546,2546,294.058449
2547,2547,297.6
2548,2548,128.624785
2549,2549,377.24342
2550,2550,49.451117
2551,2551,374.024077
2552,2552,725.870693
2553,2553,439.352186
2554,2554,480.159011
2555,2555,298.671049
2556,2556,41.308429
2557,2557,639.267653
2558,2558,181.501424
2559,2559,345.6
2560,2560,81.609951
2561,2561,192.859737
2562,2562,750.58561
2563,2563,616.279356
2564,2564,640.8
2565,2565,479.028818
2566,2566,152.338562
2567,2567,240.318607
2568,2568,117.928547
2569,2569,483.62724
2570,2570,307.2
2571,2571,179.430114
2572,2572,292.8
2573,2573,274.165887
2574,2574,166.799814
2575,2575,481.025786
2576,2576,1152.0
2577,2577,604.8
2578,2578,621.464468
2579,2579,321.6
2580,2580,1263.325007
2581,2581,511.2
2582,2582,480.0
2583,2583,350.143872
2584,2584,32.874675
2585,2585,272.9955
2586,2586,566.4
2587,2587,792.104571
2588,2588,224.093027
2589,2589,312.0
2590,2590,667.2
2591,2591,727.2
2592,2592,132.543257
2593,2593,400.294003
2594,2594,263.592181
2595,2595,748.774773
2596,2596,178.006524
2597,2597,393.6
2598,2598,355.2
2599,2599,30.984936
2600,2600,446.4
2601,2601,1210.245916
2602,2602,496.474767
2603,2603,120.436587
2604,2604,499.22561
2605,2605,275.341953
2606,2606,538.545218
2607,2607,710.433775
2608,2608,350.4
2609,2609,285.745227
2610,2610,468.0
2611,2611,256.43803
2612,2612,286.115778
2613,2613,312.0
2614,2614,983.127481
2615,2615,341.329847
2616,2616,303.331178
2617,2617,619.2
2618,2618,484.8
2619,2619,345.6
2620,2620,45.215059
2621,2621,217.472776
2622,2622,72.86746
2623,2623,400.294938
2624,2624,453.6
2625,2625,31.356274
2626,2626,47.061469
2627,2627,432.480275
2628,2628,460.551521
2629,2629,580.8
2630,2630,691.677138
2631,2631,10.36741
2632,2632,315.826382
2633,2633,2.96438
2634,2634,404.303518
2635,2635,364.8
2636,2636,449.428182
2637,2637,243.766542
2638,2638,298.430234
2639,2639,255.079807
2640,2640,450.090267
2641,2641,482.4
2642,2642,499.2
2643,2643,417.6
2644,2644,330.872532
2645,2645,619.2
2646,2646,555.457674
2647,2647,475.2
2648,2648,513.6
2649,2649,717.763724
2650,2650,436.8
2651,2651,619.698644
2652,2652,554.376763
2653,2653,398.4
2654,2654,333.478333
2655,2655,422.59237
2656,2656,229.279059
2657,2657,297.6
2658,2658,484.8
2659,2659,562.667789
2660,2660,42.43131
2661,2661,528.0
2662,2662,571.2
2663,2663,430.477436
2664,2664,548.064933
2665,2665,777.6
2666,2666,316.8
2667,2667,312.0
2668,2668,336.0
2669,2669,234.997994
2670,2670,76.975713
2671,2671,489.6
2672,2672,31.668965
2673,2673,604.8
2674,2674,571.2
2675,2675,319.105565
2676,2676,312.0
2677,2677,80.70505
2678,2678,734.4
2679,2679,909.876614
2680,2680,316.8
2681,2681,412.8
2682,2682,347.857619
2683,2683,256.242825
2684,2684,300.940297
2685,2685,292.8
2686,2686,336.0
2687,2687,511.2
2688,2688,263.454037
2689,2689,146.390518
2690,2690,227.225113
2691,2691,1376.910777
2692,2692,484.8
2693,2693,398.4
2694,2694,341.395103
2695,2695,340.8
2696,2696,292.8
2697,2697,685.456738
2698,2698,470.4
2699,2699,159.383042
2700,2700,1123.212014
2701,2701,199.791024
2702,2702,944.854655
2703,2703,168.517149
2704,2704,446.4
2705,2705,295.335363
2706,2706,466.81627
2707,2707,302.4
2708,2708,426.655599
2709,2709,499.2
2710,2710,428.563553
2711,2711,553.61131
2712,2712,292.8
2713,2713,652.8
2714,2714,355.2
2715,2715,722.404711
2716,2716,67.859881
2717,2717,316.8
2718,2718,70.958361
2719,2719,564.302867
2720,2720,504.0
2721,2721,10.168824
2722,2722,456.0
2723,2723,139.714897
2724,2724,502.580472
2725,2725,219.288706
2726,2726,421.70554
2727,2727,369.6
2728,2728,257.923563
2729,2729,288.205261
2730,2730,331.2
2731,2731,32.114117
2732,2732,292.8
2733,2733,254.142365
2734,2734,499.2
2735,2735,364.8
2736,2736,662.715218
2737,2737,431.32052
2738,2738,568.746405
2739,2739,464.99983
2740,2740,182.350945
2741,2741,286.370988
2742,2742,8.582971
2743,2743,127.104785
2744,2744,308.15089
2745,2745,277.585067
2746,2746,551.28213
2747,2747,612.0
2748,2748,284.239719
2749,2749,475.2
2750,2750,818.730215
2751,2751,326.4
2752,2752,297.6
2753,2753,355.2
2754,2754,518.4
2755,2755,355.2
2756,2756,340.8
2757,2757,292.8
2758,2758,590.4
2759,2759,535.080276
2760,2760,480.073548
2761,2761,294.591676
2762,2762,369.818708
2763,2763,460.8
2764,2764,648.0
2765,2765,364.695093
2766,2766,284.000172
2767,2767,523.2
2768,2768,163.046956
2769,2769,417.6
2770,2770,856.8
2771,2771,926.4
2772,2772,395.729716
2773,2773,1194.892002
2774,2774,221.241837
2775,2775,484.013411
2776,2776,420.041981
2777,2777,143.747794
2778,2778,432.0
2779,2779,698.4
2780,2780,1060.310769
2781,2781,321.6
2782,2782,116.209568
2783,2783,1737.320276
2784,2784,355.2
2785,2785,441.6
2786,2786,504.0
2787,2787,888.0
2788,2788,167.405624
2789,2789,312.0
2790,2790,556.8
2791,2791,291.388894
2792,2792,60.921658
2793,2793,340.453606
2794,2794,72.771554
2795,2795,1023.844984
2796,2796,292.8
2797,2797,412.8
2798,2798,355.2
2799,2799,93.181865
2800,2800,684.0
2801,2801,392.951076
2802,2802,22.326388
2803,2803,132.139111
2804,2804,67.504452
2805,2805,321.6
2806,2806,527.759702
2807,2807,441.6
2808,2808,777.6
2809,2809,297.6
2810,2810,333.441673
2811,2811,292.8
2812,2812,504.0
2813,2813,371.802628
2814,2814,321.6
2815,2815,355.2
2816,2816,398.4
2817,2817,1382.4
2818,2818,292.8
2819,2819,297.6
2820,2820,763.2
2821,2821,451.670309
2822,2822,674.973614
2823,2823,297.6
2824,2824,376.529086
2825,2825,345.6
2826,2826,465.6
2827,2827,603.110961
2828,2828,50.32306
2829,2829,409.985435
2830,2830,379.2
2831,2831,29.03416
2832,2832,504.0
2833,2833,456.0
2834,2834,303.872752
2835,2835,307.2
2836,2836,825.29011
2837,2837,268.471802
2838,2838,33.171413
2839,2839,432.805382
2840,2840,249.799752
2841,2841,350.4
2842,2842,196.977247
2843,2843,376.836888
2844,2844,1979.444237
2845,2845,154.748539
2846,2846,1126.65778
2847,2847,223.028356
2848,2848,331.2
2849,2849,979.2
2850,2850,712.309237
2851,2851,551.413755
2852,2852,184.222768
2853,2853,396.295614
2854,2854,182.815897
2855,2855,712.40122
2856,2856,279.450351
2857,2857,331.2
2858,2858,435.606086
2859,2859,229.686659
2860,2860,161.419528
2861,2861,302.4
2862,2862,561.6
2863,2863,331.2
2864,2864,302.4
2865,2865,417.6
2866,2866,500.254235
2867,2867,122.486486
2868,2868,422.4
2869,2869,384.0
2870,2870,65.803328
2871,2871,499.2
2872,2872,344.294164
2873,2873,666.307195
2874,2874,43.548973
2875,2875,1171.93117
2876,2876,302.4
2877,2877,269.065636
2878,2878,253.740993
2879,2879,138.947984
2880,2880,528.0
2881,2881,499.2
2882,2882,49.451117
2883,2883,1008.03551
2884,2884,940.8
2885,2885,564.466556
2886,2886,763.2
2887,2887,561.6
2888,2888,336.0
2889,2889,302.4
2890,2890,905.699717
2891,2891,593.654484
2892,2892,286.938064
2893,2893,739.2
2894,2894,364.8
2895,2895,427.2
2896,2896,331.325638
2897,2897,73.700573
2898,2898,508.8
2899,2899,660.430456
2900,2900,61.554272
2901,2901,547.619785
2902,2902,467.803638
2903,2903,950.4
2904,2904,71.517444
2905,2905,552.0
2906,2906,462.654347
2907,2907,355.2
2908,2908,656.57161
2909,2909,324.097433
2910,2910,319.820747
2911,2911,460.8
2912,2912,499.2
2913,2913,640.491537
2914,2914,149.843223
2915,2915,136.883999
2916,2916,248.405684
2917,2917,410.846025
2918,2918,482.4
2919,2919,244.086665
2920,2920,48.956424
2921,2921,130.143497
2922,2922,1237.257917
2923,2923,28.460568
2924,2924,39.069987
2925,2925,61.769564
2926,2926,185.898327
2927,2927,542.4
2928,2928,154.987759
2929,2929,1159.2
2930,2930,613.866905
2931,2931,341.431343
2932,2932,556.8
2933,2933,571.2
2934,2934,86.274545
2935,2935,625.395925
2936,2936,407.440238
2937,2937,112.660916
2938,2938,817.692013
2939,2939,128.969729
2940,2940,51.316527
2941,2941,667.2
2942,2942,432.0
2943,2943,246.065764
2944,2944,773.690268
2945,2945,169.287785
2946,2946,74.350893
2947,2947,1008.0
2948,2948,504.0
2949,2949,40.757983
2950,2950,92.915251
2951,2951,311.506082
2952,2952,223.950089
2953,2953,489.6
2954,2954,345.022359
2955,2955,507.549315
2956,2956,950.4
2957,2957,996.775536
2958,2958,331.2
2959,2959,35.278648
2960,2960,511.2
2961,2961,619.2
2962,2962,476.903351
2963,2963,500.638118
2964,2964,72.828431
2965,2965,1382.4
2966,2966,168.89233
2967,2967,164.328953
2968,2968,302.4
2969,2969,51.995897
2970,2970,44.284642
2971,2971,904.378268
2972,2972,528.20086
2973,2973,155.511553
2974,2974,307.2
2975,2975,61.769564
2976,2976,77.442722
2977,2977,184.379697
2978,2978,864.0
2979,2979,88.173438
2980,2980,537.6
2981,2981,232.926145
2982,2982,525.6
2983,2983,1418.4
2984,2984,727.2
2985,2985,676.658911
2986,2986,451.2
2987,2987,1.587888
2988,2988,321.6
2989,2989,444.620265
2990,2990,511.2
2991,2991,729.595208
2992,2992,1027.010512
2993,2993,75.393383
2994,2994,331.2
2995,2995,393.6
2996,2996,198.115298
2997,2997,316.8
2998,2998,925.137143
2999,2999,292.181494
3000,3000,178.839506
3001,3001,388.8
3002,3002,63.127223
3003,3003,669.6
3004,3004,350.4
3005,3005,595.2
3006,3006,590.4
3007,3007,412.8
3008,3008,549.271947
3009,3009,482.4
3010,3010,218.598065
3011,3011,668.773522
3012,3012,966.541071
3013,3013,393.215919
3014,3014,34.689611
3015,3015,153.489143
3016,3016,176.287711
3017,3017,666.724937
3018,3018,354.764801
3019,3019,424.466821
3020,3020,1142.4
3021,3021,498.335261
3022,3022,508.8
3023,3023,27.987867
3024,3024,702.990032
3025,3025,907.2
3026,3026,460.266881
3027,3027,562.224942
3028,3028,185.667213
3029,3029,126.779673
3030,3030,384.0
3031,3031,685.12694
3032,3032,501.472124
3033,3033,52.336233
3034,3034,568.798455
3035,3035,43.15595
3036,3036,193.147858
3037,3037,1065.6
3038,3038,321.6
3039,3039,1398.023248
3040,3040,601.074585
3041,3041,508.8
3042,3042,950.4
3043,3043,292.8
3044,3044,960.115399
3045,3045,538.649619
3046,3046,316.8
3047,3047,407.440238
3048,3048,504.0
3049,3049,56.60333
3050,3050,542.4
3051,3051,245.661376
3052,3052,928.817071
3053,3053,52.339396
3054,3054,547.2
3055,3055,137.195447
3056,3056,300.056383
3057,3057,408.0
3058,3058,379.2
3059,3059,55.510526
3060,3060,364.8
3061,3061,460.8
3062,3062,633.439417
3063,3063,98.372265
3064,3064,205.294927
3065,3065,541.695658
3066,3066,513.6
3067,3067,523.2
3068,3068,292.8
3069,3069,13.444132
3070,3070,309.577946
3071,3071,451.2
3072,3072,482.4
3073,3073,1260.456194
3074,3074,900.0
3075,3075,472.271907
3076,3076,185.355353
3077,3077,230.104769
3078,3078,383.797363
3079,3079,556.8
3080,3080,357.618596
3081,3081,439.2
3082,3082,408.374746
3083,3083,331.2
3084,3084,499.2
3085,3085,24.087774
3086,3086,979.2
3087,3087,331.170924
3088,3088,427.723646
3089,3089,878.812468
3090,3090,265.629611
3091,3091,151.550875
3092,3092,297.6
3093,3093,638.4
3094,3094,331.2
3095,3095,359.35328
3096,3096,178.006524
3097,3097,345.6
3098,3098,49.451117
3099,3099,987.293841
3100,3100,81.710575
3101,3101,542.4
3102,3102,652.8
3103,3103,379.2
3104,3104,712.682559
3105,3105,292.8
3106,3106,643.2
3107,3107,245.163042
3108,3108,121.025058
3109,3109,56.60333
3110,3110,321.6
3111,3111,104.06843
3112,3112,292.8
3113,3113,372.175592
3114,3114,481.014309
3115,3115,828.0
3116,3116,37.802583
3117,3117,88.17994
3118,3118,1176.285998
3119,3119,562.021558
3120,3120,824.254866
3121,3121,568.8
3122,3122,86.461582
3123,3123,824.597262
3124,3124,228.641342
3125,3125,408.0
3126,3126,350.4
3127,3127,518.180364
3128,3128,657.6
3129,3129,768.0
3130,3130,48.517439
3131,3131,171.426318
3132,3132,662.4
3133,3133,302.4
3134,3134,207.75186
3135,3135,486.278557
3136,3136,640.584145
3137,3137,1037.274096
3138,3138,839.348464
3139,3139,37.699658
3140,3140,112.660916
3141,3141,392.235698
3142,3142,229.70752
3143,3143,460.8
3144,3144,316.8
3145,3145,9.214343
3146,3146,77.54669
3147,3147,441.6
3148,3148,286.960016
3149,3149,571.2
3150,3150,316.8
3151,3151,439.701118
3152,3152,486.278557
3153,3153,225.145949
3154,3154,683.554301
3155,3155,379.2
3156,3156,508.8
3157,3157,321.6
3158,3158,558.281543
3159,3159,451.670309
3160,3160,321.6
3161,3161,345.6
3162,3162,82.019005
3163,3163,712.71287
3164,3164,227.916076
3165,3165,364.8
3166,3166,864.0
3167,3167,523.2
3168,3168,219.440024
3169,3169,245.893663
3170,3170,86.27772
3171,3171,302.791402
3172,3172,496.474767
3173,3173,332.945455
3174,3174,325.395532
3175,3175,139.745936
3176,3176,417.6
3177,3177,504.0
3178,3178,203.42306
3179,3179,336.0
3180,3180,1380.107186
3181,3181,668.73901
3182,3182,49.435556
3183,3183,345.6
3184,3184,97.723235
3185,3185,456.519419
3186,3186,360.217299
3187,3187,850.389259
3188,3188,566.4
3189,3189,513.6
3190,3190,22.961216
3191,3191,820.8
3192,3192,1178.950186
3193,3193,312.0
3194,3194,61.715527
3195,3195,391.419263
3196,3196,170.939409
3197,3197,326.4
3198,3198,278.24204
3199,3199,321.6
3200,3200,336.0
3201,3201,465.6
3202,3202,542.4
3203,3203,120.69808
3204,3204,547.2
3205,3205,585.6
3206,3206,330.138332
3207,3207,131.813652
3208,3208,483.577807
3209,3209,331.2
3210,3210,30.423443
3211,3211,509.100577
3212,3212,18.918935
3213,3213,827.786203
3214,3214,32.715179
3215,3215,71.942176
3216,3216,566.4
3217,3217,112.633539
3218,3218,553.50361
3219,3219,2759.794354
3220,3220,134.828318
3221,3221,106.528651
3222,3222,504.0
3223,3223,62.291009
3224,3224,66.103422
3225,3225,43.542559
3226,3226,19.575683
3227,3227,7.345946
3228,3228,365.361427
3229,3229,287.654819
3230,3230,475.2
3231,3231,987.122788
3232,3232,676.944023
3233,3233,238.057939
3234,3234,277.201278
3235,3235,1353.28906
3236,3236,556.8
3237,3237,74.463101
3238,3238,336.0
3239,3239,465.6
3240,3240,302.4
3241,3241,484.8
3242,3242,508.8
3243,3243,412.8
3244,3244,571.2
3245,3245,388.8
3246,3246,239.328571
3247,3247,780.941649
3248,3248,525.6
3249,3249,8.129056
3250,3250,244.212286
3251,3251,1108.8
3252,3252,537.6
3253,3253,764.592151
3254,3254,152.496995
3255,3255,552.845318
3256,3256,50.473675
3257,3257,547.2
3258,3258,303.384527
3259,3259,251.321448
3260,3260,354.939043
3261,3261,83.830109
3262,3262,29.984815
3263,3263,926.4
3264,3264,446.4
3265,3265,565.267705
3266,3266,189.143402
3267,3267,40.752864
3268,3268,297.6
3269,3269,518.4
3270,3270,820.8
3271,3271,255.659711
3272,3272,444.030724
3273,3273,91.8198
3274,3274,436.8
3275,3275,391.210704
3276,3276,288.295744
3277,3277,98.086192
3278,3278,68.179721
3279,3279,931.2
3280,3280,212.148485
3281,3281,412.471
3282,3282,571.479602
3283,3283,475.2
3284,3284,164.746184
3285,3285,350.4
3286,3286,631.743039
3287,3287,830.4
3288,3288,508.614758
3289,3289,25.605349
3290,3290,482.4
3291,3291,513.041633
3292,3292,365.879938
3293,3293,311.103582
3294,3294,93.128128
3295,3295,833.417104
3296,3296,134.430084
3297,3297,453.895633
3298,3298,820.8
3299,3299,619.2
3300,3300,326.4
3301,3301,181.148732
3302,3302,379.2
3303,3303,633.6
3304,3304,741.6
3305,3305,738.975495
3306,3306,513.6
3307,3307,1163.669865
3308,3308,166.1306
3309,3309,638.4
3310,3310,1777.471271
3311,3311,494.4
3312,3312,496.474767
3313,3313,361.455219
3314,3314,465.6
3315,3315,631.743039
3316,3316,525.6
3317,3317,229.620398
3318,3318,504.0
3319,3319,18.918935
3320,3320,89.712324
3321,3321,326.281835
3322,3322,302.4
3323,3323,218.491318
3324,3324,353.098604
3325,3325,460.8
3326,3326,175.243467
3327,3327,301.867895
3328,3328,199.299449
3329,3329,351.270869
3330,3330,532.8
3331,3331,537.6
3332,3332,982.399613
3333,3333,676.8
3334,3334,294.691896
3335,3335,336.0
3336,3336,489.6
3337,3337,238.561687
3338,3338,439.2
3339,3339,289.040734
3340,3340,297.6
3341,3341,157.208336
3342,3342,664.128009
3343,3343,523.2
3344,3344,721.242206
3345,3345,1053.300143
3346,3346,1961.162049
3347,3347,1443.455106
3348,3348,345.6
3349,3349,254.149197
3350,3350,366.0396
3351,3351,427.52731
3352,3352,1454.4
3353,3353,458.804028
3354,3354,331.2
3355,3355,316.8
3356,3356,350.4
3357,3357,343.755209
3358,3358,582.781896
3359,3359,316.8
3360,3360,290.886242
3361,3361,355.2
3362,3362,336.0
3363,3363,314.528138
3364,3364,472.611522
3365,3365,623.505066
3366,3366,537.6
3367,3367,305.031114
3368,3368,725.870693
3369,3369,639.45899
3370,3370,165.75305
3371,3371,1084.95655
3372,3372,364.8
3373,3373,561.6
3374,3374,312.0
3375,3375,1389.140121
3376,3376,391.970334
3377,3377,576.0
3378,3378,489.6
3379,3379,1296.0
3380,3380,345.6
3381,3381,114.429816
3382,3382,294.75626
3383,3383,252.699037
3384,3384,250.959093
3385,3385,9.275859
3386,3386,384.0
3387,3387,338.744392
3388,3388,1483.2
3389,3389,973.787176
3390,3390,449.352139
3391,3391,304.115627
3392,3392,614.367195
3393,3393,198.080417
3394,3394,214.866605
3395,3395,355.2
3396,3396,475.2
3397,3397,556.8
3398,3398,163.576763
3399,3399,451.2
3400,3400,407.450118
3401,3401,350.4
3402,3402,791.878042
3403,3403,542.4
3404,3404,496.8
3405,3405,217.973168
3406,3406,307.2
3407,3407,350.4
3408,3408,849.011958
3409,3409,547.2
3410,3410,299.356083
3411,3411,888.0
3412,3412,610.567945
3413,3413,302.818833
3414,3414,421.632668
3415,3415,454.3585
3416,3416,482.4
3417,3417,489.6
3418,3418,806.4
3419,3419,1317.6
3420,3420,398.4
3421,3421,412.8
3422,3422,292.8
3423,3423,94.714302
3424,3424,442.374873
3425,3425,1032.0
3426,3426,542.4
3427,3427,936.0
3428,3428,412.8
3429,3429,6.422285
3430,3430,176.819414
3431,3431,165.098152
3432,3432,302.4
3433,3433,293.227028
3434,3434,134.124254
3435,3435,475.20088
3436,3436,1358.4
3437,3437,595.369784
3438,3438,507.799325
3439,3439,694.598288
3440,3440,532.8
3441,3441,436.8
3442,3442,316.8
3443,3443,407.887715
3444,3444,441.6
3445,3445,262.865172
3446,3446,305.544034
3447,3447,158.362972
3448,3448,350.4
3449,3449,492.644465
3450,3450,355.2
3451,3451,66.568642
3452,3452,340.8
3453,3453,484.8
3454,3454,350.4
3455,3455,556.8
3456,3456,336.0
3457,3457,489.6
3458,3458,326.4
3459,3459,624.0
3460,3460,302.4
3461,3461,1087.995426
3462,3462,470.4
3463,3463,508.8
3464,3464,384.0
3465,3465,1360.8
3466,3466,513.6
3467,3467,367.577872
3468,3468,336.0
3469,3469,204.953947
3470,3470,331.2
3471,3471,331.2
3472,3472,272.649844
3473,3473,674.973614
3474,3474,305.121363
3475,3475,340.8
3476,3476,135.851316
3477,3477,484.013411
3478,3478,451.2
3479,3479,835.2
3480,3480,7.214579
3481,3481,13.874775
3482,3482,352.740946
3483,3483,452.616872
3484,3484,552.646907
3485,3485,532.8
3486,3486,643.2
3487,3487,72.760316
3488,3488,1300.8
3489,3489,161.695519
3490,3490,99.810799
3491,3491,57.712985
3492,3492,828.0
3493,3493,258.109435
3494,3494,569.908338
3495,3495,585.6
3496,3496,221.226696
3497,3497,208.048487
3498,3498,842.4
3499,3499,307.2
3500,3500,307.2
3501,3501,523.733793
3502,3502,94.030308
3503,3503,1418.4
3504,3504,355.2
3505,3505,676.808053
3506,3506,246.57631
3507,3507,358.225234
3508,3508,136.248799
3509,3509,5.453269
3510,3510,350.097052
3511,3511,377.442796
3512,3512,318.660896
3513,3513,518.4
3514,3514,914.31553
3515,3515,297.6
3516,3516,331.2
3517,3517,830.4
3518,3518,192.879457
3519,3519,525.6
3520,3520,220.304649
3521,3521,402.449823
3522,3522,366.531664
3523,3523,307.2
3524,3524,135.626867
3525,3525,371.108203
3526,3526,234.057985
3527,3527,41.182611
3528,3528,42.689135
3529,3529,518.346912
3530,3530,328.870868
3531,3531,186.292275
3532,3532,277.448968
3533,3533,256.43803
3534,3534,436.369797
3535,3535,140.819942
3536,3536,1116.943654
3537,3537,256.916302
3538,3538,571.2
3539,3539,612.300581
3540,3540,868.8
3541,3541,84.494022
3542,3542,74.523935
3543,3543,325.569334
3544,3544,556.8
3545,3545,285.276083
3546,3546,436.8
3547,3547,340.201412
3548,3548,419.105559
3549,3549,331.2
3550,3550,566.4
3551,3551,572.072106
3552,3552,873.127345
3553,3553,272.612048
3554,3554,379.2
3555,3555,421.484456
3556,3556,17.269323
3557,3557,171.166733
3558,3558,123.491865
3559,3559,339.255348
3560,3560,200.641734
3561,3561,571.2
3562,3562,292.953446
3563,3563,99.039453
3564,3564,244.564334
3565,3565,640.8
3566,3566,1294.700423
3567,3567,792.0
3568,3568,871.055266
3569,3569,192.265438
3570,3570,532.8
3571,3571,129.165554
3572,3572,547.2
3573,3573,201.589875
3574,3574,981.010879
3575,3575,525.6
3576,3576,650.52179
3577,3577,2059.2
3578,3578,323.1897
3579,3579,343.139611
3580,3580,159.756733
3581,3581,460.8
3582,3582,1404.0
3583,3583,128.535182
3584,3584,178.842061
3585,3585,331.2
3586,3586,688.828746
3587,3587,456.0
3588,3588,465.6
3589,3589,504.0
3590,3590,236.902001
3591,3591,161.092415
3592,3592,626.4
3593,3593,1258.327804
3594,3594,60.227339
3595,3595,350.4
3596,3596,3.4637
3597,3597,473.324671
3598,3598,655.791955
3599,3599,242.133552
3600,3600,292.8
3601,3601,292.8
3602,3602,523.888845
3603,3603,224.711836
3604,3604,566.4
3605,3605,232.01349
3606,3606,384.01403
3607,3607,46.053458
3608,3608,518.4
3609,3609,722.877299
3610,3610,202.81373
3611,3611,679.052398
3612,3612,297.6
3613,3613,902.4
3614,3614,67.618365
3615,3615,641.230581
3616,3616,334.133949
3617,3617,355.2
3618,3618,130.303439
3619,3619,292.8
3620,3620,756.0
3621,3621,523.030597
3622,3622,321.6
3623,3623,475.2
3624,3624,494.4
3625,3625,198.263056
3626,3626,109.291516
3627,3627,523.688037
3628,3628,561.6
3629,3629,1148.461246
3630,3630,561.6
3631,3631,599.000883
3632,3632,508.8
3633,3633,590.4
3634,3634,1185.988301
3635,3635,1324.8
3636,3636,427.762841
3637,3637,501.153571
3638,3638,369.6
3639,3639,571.663256
3640,3640,293.070538
3641,3641,156.452827
3642,3642,638.4
3643,3643,20.141289
3644,3644,513.6
3645,3645,638.4
3646,3646,91.355165
3647,3647,388.8
3648,3648,460.8
3649,3649,504.0
3650,3650,424.711758
3651,3651,446.4
3652,3652,552.0
3653,3653,232.875794
3654,3654,675.569113
3655,3655,556.8
3656,3656,398.4
3657,3657,280.037716
3658,3658,3.468912
3659,3659,806.4
3660,3660,518.4
3661,3661,194.944319
3662,3662,345.6
3663,3663,638.4
3664,3664,300.056383
3665,3665,496.477418
3666,3666,336.0
3667,3667,136.217066
3668,3668,355.2
3669,3669,556.8
3670,3670,571.2
3671,3671,1158.858027
3672,3672,251.992083
3673,3673,618.688651
3674,3674,471.443077
3675,3675,398.735257
3676,3676,302.4
3677,3677,561.414794
3678,3678,237.57033
3679,3679,1554.089517
3680,3680,292.8
3681,3681,643.2
3682,3682,127.157137
3683,3683,338.144854
3684,3684,326.4
3685,3685,60.021023
3686,3686,231.201886
3687,3687,1056.291709
3688,3688,624.023564
3689,3689,393.6
3690,3690,633.6
3691,3691,268.130863
3692,3692,316.8
3693,3693,511.2
3694,3694,384.0
3695,3695,351.85681
3696,3696,326.4
3697,3697,518.064733
3698,3698,4.719043
3699,3699,1158.79311
3700,3700,523.815839
3701,3701,820.8
3702,3702,912.581597
3703,3703,571.2
3704,3704,96.212835
3705,3705,367.230882
3706,3706,410.508316
3707,3707,438.069458
3708,3708,1114.092784
3709,3709,558.099357
3710,3710,401.60781
3711,3711,417.6
3712,3712,79.293115
3713,3713,489.6
3714,3714,302.56519
3715,3715,284.492531
3716,3716,1051.2
3717,3717,761.722334
3718,3718,460.8
3719,3719,556.8
3720,3720,528.0
3721,3721,181.468292
3722,3722,321.6
3723,3723,763.2
3724,3724,552.0
3725,3725,78.452298
3726,3726,936.0
3727,3727,321.6
3728,3728,326.281835
3729,3729,312.0
3730,3730,741.418485
3731,3731,5.434505
3732,3732,493.055291
3733,3733,106.814987
3734,3734,542.4
3735,3735,292.8
3736,3736,323.865715
3737,3737,480.533246
3738,3738,648.925597
3739,3739,334.626758
3740,3740,151.711475
3741,3741,435.796252
3742,3742,307.2
3743,3743,284.49502
3744,3744,364.8
3745,3745,281.110788
3746,3746,312.0
3747,3747,14.095914
3748,3748,24.555177
3749,3749,507.709291
3750,3750,480.0
3751,3751,612.0
3752,3752,432.0
3753,3753,662.4
3754,3754,326.4
3755,3755,328.65413
3756,3756,292.8
3757,3757,556.8
3758,3758,334.007478
3759,3759,325.009146
3760,3760,940.8
3761,3761,302.4
3762,3762,131.262395
3763,3763,631.124372
3764,3764,456.702735
3765,3765,340.8
3766,3766,257.502471
3767,3767,296.209127
3768,3768,364.8
3769,3769,7.345946
3770,3770,1011.772647
3771,3771,316.8
3772,3772,882.871945
3773,3773,412.8
3774,3774,585.482275
3775,3775,56.371967
3776,3776,109.906628
3777,3777,784.65781
3778,3778,85.68352
3779,3779,446.4
3780,3780,556.8
3781,3781,741.6
3782,3782,600.0
3783,3783,207.320041
3784,3784,289.468771
3785,3785,265.742679
3786,3786,302.4
3787,3787,101.288069
3788,3788,523.2
3789,3789,83.121963
3790,3790,638.414994
3791,3791,355.2
3792,3792,13.073952
3793,3793,10.393016
3794,3794,513.6
3795,3795,84.715044
3796,3796,321.6
3797,3797,552.0
3798,3798,250.723005
3799,3799,71.678412
3800,3800,790.784983
3801,3801,326.4
3802,3802,316.8
3803,3803,331.2
3804,3804,257.708912
3805,3805,802.278237
3806,3806,489.6
3807,3807,513.6
3808,3808,64.598216
3809,3809,571.2
3810,3810,1404.868905
3811,3811,331.847478
3812,3812,316.8
3813,3813,46.104534
3814,3814,116.163
3815,3815,336.0
3816,3816,203.352239
3817,3817,227.44626
3818,3818,523.2
3819,3819,315.215329
3820,3820,340.8
3821,3821,636.982333
3822,3822,281.110788
3823,3823,571.2
3824,3824,63.043197
3825,3825,47.952426
3826,3826,206.495442
3827,3827,129.151543
3828,3828,41.965252
3829,3829,297.6
3830,3830,837.905079
3831,3831,427.2
3832,3832,525.6
3833,3833,25.713622
3834,3834,377.781658
3835,3835,528.0
3836,3836,160.52105
3837,3837,619.2
3838,3838,309.161777
3839,3839,432.0
3840,3840,277.582137
3841,3841,77.523904
3842,3842,307.2
3843,3843,312.0
3844,3844,806.4
3845,3845,211.515893
3846,3846,537.6
3847,3847,1345.317161
3848,3848,198.75466
3849,3849,518.4
3850,3850,372.362565
3851,3851,422.4
3852,3852,727.2
3853,3853,1082.814636
3854,3854,388.8
3855,3855,292.8
3856,3856,500.633484
3857,3857,501.83778
3858,3858,417.28389
3859,3859,669.6
3860,3860,350.689559
3861,3861,412.8
3862,3862,863.327324
3863,3863,108.69654
3864,3864,384.0
3865,3865,129.985718
3866,3866,307.080113
3867,3867,204.373113
3868,3868,8.529778
3869,3869,628.8
3870,3870,438.812143
3871,3871,699.517349
3872,3872,110.484661
3873,3873,292.8
3874,3874,460.8
3875,3875,68.647736
3876,3876,628.8
3877,3877,85.416096
3878,3878,252.149798
3879,3879,432.0
3880,3880,196.37368
3881,3881,326.4
3882,3882,532.8
3883,3883,839.348464
3884,3884,734.4
3885,3885,336.0
3886,3886,907.2
3887,3887,105.765111
3888,3888,316.8
3889,3889,95.193157
3890,3890,364.622773
3891,3891,532.8
3892,3892,460.8
3893,3893,478.509797
3894,3894,345.6
3895,3895,542.4
3896,3896,638.4
3897,3897,292.8
3898,3898,326.4
3899,3899,345.6
3900,3900,167.138119
3901,3901,51.662597
3902,3902,304.390472
3903,3903,250.416569
3904,3904,84.218363
3905,3905,498.927007
3906,3906,612.0
3907,3907,345.6
3908,3908,506.92275
3909,3909,340.8
3910,3910,321.6
3911,3911,292.8
3912,3912,424.077159
3913,3913,382.085897
3914,3914,509.722387
3915,3915,108.118855
3916,3916,484.8
3917,3917,868.8
3918,3918,134.442783
3919,3919,11.046789
3920,3920,468.0
3921,3921,583.2
3922,3922,326.4
3923,3923,758.333096
3924,3924,200.177163
3925,3925,456.0
3926,3926,496.474767
3927,3927,436.8
3928,3928,302.4
3929,3929,1186.972445
3930,3930,628.8
3931,3931,1212.054819
3932,3932,144.439335
3933,3933,302.4
3934,3934,842.4
3935,3935,171.475838
3936,3936,766.519022
3937,3937,451.670309
3938,3938,331.2
3939,3939,263.090605
3940,3940,119.331041
3941,3941,100.620067
3942,3942,147.948783
3943,3943,309.627788
3944,3944,326.4
3945,3945,446.4
3946,3946,703.118925
3947,3947,522.41314
3948,3948,753.760098
3949,3949,489.6
3950,3950,499.2
3951,3951,365.002909
3952,3952,236.643695
3953,3953,537.6
3954,3954,624.532492
3955,3955,1294.700423
3956,3956,597.259924
3957,3957,302.4
3958,3958,454.188803
3959,3959,290.057111
3960,3960,468.728516
3961,3961,2.549986
3962,3962,165.523154
3963,3963,425.800112
3964,3964,820.018767
3965,3965,165.002742
3966,3966,405.384524
3967,3967,146.119178
3968,3968,48.344273
3969,3969,307.2
3970,3970,79.865605
3971,3971,660.430456
3972,3972,475.166267
3973,3973,131.614733
3974,3974,8.281829
3975,3975,693.414133
3976,3976,161.590594
3977,3977,513.6
3978,3978,164.282841
3979,3979,312.0
3980,3980,216.173135
3981,3981,304.550129
3982,3982,481.113765
3983,3983,383.043363
3984,3984,284.43696
3985,3985,1294.700423
3986,3986,331.2
3987,3987,587.689075
3988,3988,667.2
3989,3989,528.0
3990,3990,725.870693
3991,3991,336.0
3992,3992,116.600107
3993,3993,633.132017
3994,3994,305.552429
3995,3995,57.614392
3996,3996,245.593225
3997,3997,374.527412
3998,3998,326.4
3999,3999,985.193759
4000,4000,46.098963
4001,4001,419.187114
4002,4002,489.6
4003,4003,292.8
4004,4004,319.710124
4005,4005,856.8
4006,4006,301.437365
4007,4007,1.924709
4008,4008,7.646763
4009,4009,168.901895
4010,4010,413.288528
4011,4011,628.8
4012,4012,1756.8
4013,4013,586.921708
4014,4014,572.072106
4015,4015,554.4
4016,4016,296.261405
4017,4017,443.53718
4018,4018,174.588413
4019,4019,350.4
4020,4020,1368.0
4021,4021,326.281835
4022,4022,469.6093
4023,4023,46.702524
4024,4024,259.714887
4025,4025,139.826393
4026,4026,443.772927
4027,4027,74.803791
4028,4028,255.982609
4029,4029,863.219668
4030,4030,326.4
4031,4031,307.2
4032,4032,193.86537
4033,4033,633.6
4034,4034,331.2
4035,4035,657.6
4036,4036,635.020091
4037,4037,525.6
4038,4038,253.193647
4039,4039,546.420009
4040,4040,292.8
4041,4041,109.906628
4042,4042,833.072722
4043,4043,268.819985
4044,4044,748.8
4045,4045,609.6
4046,4046,660.430456
4047,4047,35.768916
4048,4048,600.0
4049,4049,696.034509
4050,4050,67.530904
4051,4051,355.2
4052,4052,326.4
4053,4053,465.6
4054,4054,504.0
4055,4055,931.2
4056,4056,74.744643
4057,4057,398.4
4058,4058,504.0
4059,4059,787.993313
4060,4060,398.4
4061,4061,679.534284
4062,4062,528.0
4063,4063,662.4
4064,4064,355.2
4065,4065,523.2
4066,4066,350.4
4067,4067,488.84232
4068,4068,989.105367
4069,4069,489.6
4070,4070,107.538749
4071,4071,518.4
4072,4072,2.704934
4073,4073,601.021286
4074,4074,792.0
4075,4075,229.930796
4076,4076,321.6
4077,4077,336.0
4078,4078,333.189774
4079,4079,523.815839
4080,4080,192.87572
4081,4081,362.51794
4082,4082,326.4
4083,4083,580.8
4084,4084,475.2
4085,4085,501.716934
4086,4086,111.164747
4087,4087,468.0
4088,4088,700.8
4089,4089,178.371281
4090,4090,25.333594
4091,4091,172.913031
4092,4092,1921.248929
4093,4093,478.234236
4094,4094,673.262794
4095,4095,338.619869
4096,4096,255.210049
4097,4097,614.081483
4098,4098,170.532133
4099,4099,466.570791
4100,4100,513.6
4101,4101,145.587985
4102,4102,327.723713
4103,4103,820.8
4104,4104,523.888845
4105,4105,756.0
4106,4106,378.262864
4107,4107,578.499499
4108,4108,260.879903
4109,4109,468.0
4110,4110,754.115474
4111,4111,106.665934
4112,4112,612.300581
4113,4113,655.2
4114,4114,320.629479
4115,4115,369.818708
4116,4116,528.0
4117,4117,505.082702
4118,4118,36.975673
4119,4119,251.152889
4120,4120,980.52817
4121,4121,546.052144
4122,4122,316.8
4123,4123,384.0
4124,4124,483.881752
4125,4125,292.8
4126,4126,807.168846
4127,4127,387.545055
4128,4128,99.894584
4129,4129,199.281404
4130,4130,432.784577
4131,4131,585.058877
4132,4132,292.8
4133,4133,180.346146
4134,4134,152.365482
4135,4135,113.801497
4136,4136,756.0
4137,4137,365.820487
4138,4138,1066.913401
4139,4139,650.52179
4140,4140,515.122954
4141,4141,274.956819
4142,4142,139.331764
4143,4143,674.973614
4144,4144,333.696228
4145,4145,571.2
4146,4146,144.728404
4147,4147,41.139806
4148,4148,481.265179
4149,4149,331.2
4150,4150,702.990032
4151,4151,321.6
4152,4152,81.255741
4153,4153,557.184015
4154,4154,697.010998
4155,4155,482.328161
4156,4156,307.2
4157,4157,350.4
4158,4158,682.422936
4159,4159,331.2
4160,4160,411.856297
4161,4161,412.8
4162,4162,1386.824722
4163,4163,113.805875
4164,4164,1300.8
4165,4165,101.753098
4166,4166,628.8
4167,4167,451.2
4168,4168,451.2
4169,4169,432.0
4170,4170,313.023175
4171,4171,470.4
4172,4172,806.4
4173,4173,392.7457
4174,4174,806.4
4175,4175,733.522405
4176,4176,321.6
4177,4177,307.139132
4178,4178,388.8
4179,4179,38.379869
4180,4180,242.254164
4181,4181,165.958605
4182,4182,408.0
4183,4183,151.528482
4184,4184,507.060901
4185,4185,941.347502
4186,4186,278.964095
4187,4187,561.6
4188,4188,518.4
4189,4189,99.257608
4190,4190,733.319294
4191,4191,189.971267
4192,4192,41.05291
4193,4193,114.51444
4194,4194,358.643521
4195,4195,1147.2
4196,4196,273.702709
4197,4197,284.000172
4198,4198,561.6
4199,4199,215.728468
4200,4200,124.933587
4201,4201,176.006384
4202,4202,316.8
4203,4203,56.05058
4204,4204,419.365958
4205,4205,327.061103
4206,4206,460.8
4207,4207,420.606785
4208,4208,155.708627
4209,4209,326.4
4210,4210,438.778537
4211,4211,200.812425
4212,4212,486.278557
4213,4213,379.2
4214,4214,114.273025
4215,4215,216.08671
4216,4216,286.781601
4217,4217,468.0
4218,4218,421.235276
4219,4219,72.205362
4220,4220,45.472477
4221,4221,340.8
4222,4222,108.667642
4223,4223,134.120531
4224,4224,770.4
4225,4225,374.4
4226,4226,289.9122
4227,4227,355.2
4228,4228,136.2171
4229,4229,316.8
4230,4230,484.8
4231,4231,12.497538
4232,4232,133.103003
4233,4233,491.151197
4234,4234,316.8
4235,4235,99.674341
4236,4236,379.029102
4237,4237,154.049617
4238,4238,2.455033
4239,4239,331.2
4240,4240,579.452318
4241,4241,456.0
4242,4242,245.103885
4243,4243,245.673365
4244,4244,203.640251
4245,4245,494.4
4246,4246,748.8
4247,4247,279.715067
4248,4248,205.043307
4249,4249,565.108501
4250,4250,321.6
4251,4251,763.2
4252,4252,193.57032
4253,4253,479.934846
4254,4254,167.889924
4255,4255,741.6
4256,4256,320.849072
4257,4257,508.8
4258,4258,1122.658899
4259,4259,265.215014
4260,4260,97.417808
4261,4261,316.8
4262,4262,956.589903
4263,4263,82.733588
4264,4264,312.0
4265,4265,368.963633
4266,4266,556.85728
4267,4267,1143.494486
4268,4268,537.6
4269,4269,490.690995
4270,4270,979.2
4271,4271,329.494
4272,4272,316.8
4273,4273,471.443077
4274,4274,1107.145019
4275,4275,496.8
4276,4276,373.289571
4277,4277,456.702735
4278,4278,710.740743
4279,4279,720.0
4280,4280,772.798511
4281,4281,571.479602
4282,4282,388.8
4283,4283,355.2
4284,4284,501.092992
4285,4285,406.48025
4286,4286,47.502366
4287,4287,528.0
4288,4288,307.2
4289,4289,388.80286
4290,4290,302.4
4291,4291,460.8
4292,4292,631.743039
4293,4293,407.99684
4294,4294,333.138214
4295,4295,48.046869
4296,4296,1361.993232
4297,4297,127.322656
4298,4298,465.6
4299,4299,101.417253
4300,4300,746.107437
4301,4301,914.434097
4302,4302,939.528475
4303,4303,212.130344
4304,4304,213.225001
4305,4305,56.39419
4306,4306,302.4
4307,4307,469.229028
4308,4308,149.688222
4309,4309,499.2
4310,4310,344.288189
4311,4311,1317.6
4312,4312,42.131925
4313,4313,182.948495
4314,4314,809.532341
4315,4315,576.0
4316,4316,6.671268
4317,4317,534.501024
4318,4318,566.4
4319,4319,295.821353
4320,4320,112.120881
4321,4321,199.23876
4322,4322,340.8
4323,4323,677.868206
4324,4324,561.6
4325,4325,302.4
4326,4326,955.2
4327,4327,667.2
4328,4328,355.2
4329,4329,444.027215
4330,4330,420.041981
4331,4331,167.174678
4332,4332,320.486645
4333,4333,400.181882
4334,4334,750.082794
4335,4335,637.063458
4336,4336,882.871945
4337,4337,151.872106
4338,4338,766.322388
4339,4339,568.58486
4340,4340,1003.160633
4341,4341,430.505942
4342,4342,537.6
4343,4343,614.4
4344,4344,460.8
4345,4345,398.4
4346,4346,302.4
4347,4347,497.684017
4348,4348,246.696768
4349,4349,972.0
4350,4350,361.181122
4351,4351,475.2
4352,4352,316.8
4353,4353,628.498605
4354,4354,921.6
4355,4355,326.4
4356,4356,321.6
4357,4357,152.779038
4358,4358,511.2
4359,4359,632.715382
4360,4360,331.2
4361,4361,302.4
4362,4362,253.183568
4363,4363,381.118731
4364,4364,122.912377
4365,4365,245.308491
4366,4366,350.4
4367,4367,1605.6
4368,4368,80.753763
4369,4369,489.6
4370,4370,331.2
4371,4371,51.822348
4372,4372,518.4
4373,4373,511.2
4374,4374,137.081716
4375,4375,614.4
4376,4376,317.982567
4377,4377,831.752839
4378,4378,566.935022
4379,4379,4.110585
4380,4380,556.8
4381,4381,460.815578
4382,4382,0.769185
4383,4383,881.360959
4384,4384,813.6
4385,4385,58.557552
4386,4386,78.975117
4387,4387,441.6
4388,4388,446.08476
4389,4389,150.926696
4390,4390,513.6
4391,4391,624.980751
4392,4392,297.6
4393,4393,315.353519
4394,4394,189.144728
4395,4395,1396.702365
4396,4396,418.864555
4397,4397,65.022258
4398,4398,472.043042
4399,4399,53.084753
4400,4400,250.323257
4401,4401,326.281835
4402,4402,1956.368115
4403,4403,68.193193
4404,4404,659.435886
4405,4405,609.6
4406,4406,552.0
4407,4407,341.878002
4408,4408,375.330097
4409,4409,1.838367
4410,4410,1286.4
4411,4411,381.960657
4412,4412,2027.724442
4413,4413,525.6
4414,4414,203.886869
4415,4415,491.112176
4416,4416,528.0
4417,4417,300.375887
4418,4418,321.6
4419,4419,73.919629
4420,4420,364.8
4421,4421,39.49793
4422,4422,42.950852
4423,4423,90.569696
4424,4424,292.8
4425,4425,460.8
4426,4426,425.964628
4427,4427,312.0
4428,4428,178.986788
4429,4429,17.92017
4430,4430,475.2
4431,4431,774.558233
4432,4432,418.689402
4433,4433,422.4
4434,4434,41.721538
4435,4435,384.695536
4436,4436,350.4
4437,4437,158.000332
4438,4438,312.0
4439,4439,290.911693
4440,4440,419.365958
4441,4441,339.344531
4442,4442,395.729716
4443,4443,215.884804
4444,4444,233.169575
4445,4445,295.223164
4446,4446,566.4
4447,4447,225.032781
4448,4448,439.2
4449,4449,465.633954
4450,4450,282.146354
4451,4451,460.8
4452,4452,281.295903
4453,4453,462.043003
4454,4454,121.327914
4455,4455,900.0
4456,4456,499.2
4457,4457,184.955105
4458,4458,476.197355
4459,4459,1027.000029
4460,4460,72.32926
4461,4461,302.4
4462,4462,558.099357
4463,4463,151.495249
4464,4464,652.8
4465,4465,470.4
4466,4466,748.8
4467,4467,223.728018
4468,4468,365.364581
4469,4469,285.84958
4470,4470,352.394515
4471,4471,303.872752
4472,4472,118.454974
4473,4473,420.434259
4474,4474,367.150034
4475,4475,495.750669
4476,4476,409.868003
4477,4477,480.0
4478,4478,78.179743
4479,4479,626.4
4480,4480,635.64283
4481,4481,165.478147
4482,4482,475.2
4483,4483,532.8
4484,4484,80.73124
4485,4485,316.8
4486,4486,316.8
4487,4487,402.74168
4488,4488,604.8
4489,4489,453.6
4490,4490,297.6
4491,4491,384.0
4492,4492,209.019238
4493,4493,100.212651
4494,4494,442.9167
4495,4495,192.144838
4496,4496,268.471802
4497,4497,345.6
4498,4498,56.60333
4499,4499,842.4
4500,4500,108.892382
4501,4501,180.667969
4502,4502,734.4
4503,4503,655.073317
4504,4504,283.966321
4505,4505,302.4
4506,4506,312.0
4507,4507,702.990032
4508,4508,292.8
4509,4509,292.8
4510,4510,390.498822
4511,4511,425.81795
4512,4512,331.2
4513,4513,215.226476
4514,4514,312.0
4515,4515,434.09776
4516,4516,345.6
4517,4517,32.508635
4518,4518,206.95076
4519,4519,842.391832
4520,4520,126.049033
4521,4521,321.6
4522,4522,475.2
4523,4523,379.2
4524,4524,291.744204
4525,4525,931.2
4526,4526,523.2
4527,4527,254.380731
4528,4528,217.92632
4529,4529,596.494439
4530,4530,122.924197
4531,4531,528.20086
4532,4532,321.6
4533,4533,647.954067
4534,4534,537.765151
4535,4535,256.813837
4536,4536,158.077504
4537,4537,532.8
4538,4538,655.2
4539,4539,355.2
4540,4540,897.6
4541,4541,273.018929
4542,4542,618.288849
